2026-08-24 01:04:28,182 | [+] MCP subprocess started (unbuffered)
2026-08-24 01:04:28,449 | ✅ MCP initialized
2026-08-24 01:04:28,449 | ================================================================================
2026-08-24 01:04:28,449 | CYCLE | 2026-08-24 01:04:28 | PRODUCTION BOT
2026-08-24 01:04:28,449 | ================================================================================
2026-08-24 01:04:28,503 | Error analyzing NVDA: history() got an unexpected keyword argument 'progress'
2026-08-24 01:04:28,503 | Error analyzing TSLA: history() got an unexpected keyword argument 'progress'
2026-08-24 01:04:28,504 | Error analyzing AMD: history() got an unexpected keyword argument 'progress'
2026-08-24 01:04:28,504 | Error analyzing AAPL: history() got an unexpected keyword argument 'progress'
2026-08-24 01:04:28,505 | Error analyzing MSFT: history() got an unexpected keyword argument 'progress'
2026-08-24 01:04:28,505 | Error analyzing GOOGL: history() got an unexpected keyword argument 'progress'
2026-08-24 01:04:28,506 | Error analyzing META: history() got an unexpected keyword argument 'progress'
2026-08-24 01:04:28,506 | Error analyzing NFLX: history() got an unexpected keyword argument 'progress'
2026-08-24 01:04:28,507 | Error analyzing QCOM: history() got an unexpected keyword argument 'progress'
2026-08-24 01:04:28,507 | Error analyzing AVGO: history() got an unexpected keyword argument 'progress'
2026-08-24 01:04:28,507 | 📋 Scanned 10 | Found 0 signals
2026-08-24 01:04:28,508 | ================================================================================

2026-08-24 01:04:28,512 | [*] MCP subprocess terminated
2026-08-24 01:04:48,111 | [+] MCP subprocess started (unbuffered)
2026-08-24 01:04:48,371 | ✅ MCP initialized
2026-08-24 01:04:48,372 | ================================================================================
2026-08-24 01:04:48,372 | CYCLE | 2026-08-24 01:04:48 | PRODUCTION BOT
2026-08-24 01:04:48,372 | ================================================================================
2026-08-24 01:04:52,868 | 📋 Scanned 10 | Found 0 signals
2026-08-24 01:04:52,868 | ================================================================================

2026-08-24 01:04:52,872 | [*] MCP subprocess terminated
2026-08-24 01:09:43,478 | [+] MCP subprocess started (unbuffered)
2026-08-24 01:09:43,839 | ✅ MCP initialized
2026-08-24 01:09:43,842 | ================================================================================
2026-08-24 01:09:43,842 | FETCHING SYMBOLS
2026-08-24 01:09:43,842 | ================================================================================
2026-08-24 01:09:43,842 | [*] Fetching S&P 500 symbols from Wikipedia...
2026-08-24 01:09:44,664 | ✅ Fetched 503 S&P 500 symbols
2026-08-24 01:09:44,664 |    S&P 500: 503 symbols
2026-08-24 01:09:44,664 | [*] Fetching NASDAQ-100 symbols from Wikipedia...
2026-08-24 01:09:45,106 | No Symbol/Ticker column found
2026-08-24 01:09:45,106 |    NASDAQ-100: 20 symbols
2026-08-24 01:09:45,107 |    Combined unique: 504 symbols
2026-08-24 01:09:45,107 | [*] Filtering 504 symbols by volume & price...
2026-08-24 01:09:45,107 |    Downloading batch 1...
2026-08-24 01:09:50,987 |    Downloading batch 2...
2026-08-24 01:09:56,553 |    Downloading batch 3...
2026-08-24 01:10:01,811 |    Downloading batch 4...
2026-08-24 01:10:07,245 |    Downloading batch 5...
2026-08-24 01:10:12,477 |    Downloading batch 6...
2026-08-24 01:10:17,906 |    Downloading batch 7...
2026-08-24 01:10:23,315 |    Downloading batch 8...
2026-08-24 01:10:28,746 |    Downloading batch 9...
2026-08-24 01:10:34,235 |    Downloading batch 10...
2026-08-24 01:10:39,566 |    Downloading batch 11...
2026-08-24 01:10:40,450 | ✅ Filtered to 58 symbols (vol>10M, price $5-$500)
2026-08-24 01:10:40,450 | 📊 Final symbol list: 50 symbols
2026-08-24 01:10:40,450 |     1. AMD
2026-08-24 01:10:40,450 |     2. AES
2026-08-24 01:10:40,450 |     3. GOOGL
2026-08-24 01:10:40,450 |     4. GOOG
2026-08-24 01:10:40,450 |     5. AMZN
2026-08-24 01:10:40,450 |     6. AAPL
2026-08-24 01:10:40,450 |     7. T
2026-08-24 01:10:40,450 |     8. BAC
2026-08-24 01:10:40,451 |     9. BSX
2026-08-24 01:10:40,451 |    10. AVGO
2026-08-24 01:10:40,451 |    11. CCL
2026-08-24 01:10:40,451 |    12. CVNA
2026-08-24 01:10:40,451 |    13. CMG
2026-08-24 01:10:40,451 |    14. CSCO
2026-08-24 01:10:40,451 |    15. C
2026-08-24 01:10:40,451 |    16. KO
2026-08-24 01:10:40,451 |    17. COIN
2026-08-24 01:10:40,451 |    18. CMCSA
2026-08-24 01:10:40,451 |    19. CPRT
2026-08-24 01:10:40,451 |    20. CSX
2026-08-24 01:10:40,451 |    ... and 30 more
2026-08-24 01:10:40,451 | ================================================================================

2026-08-24 01:10:40,451 | ================================================================================
2026-08-24 01:10:40,451 | CYCLE | 2026-08-24 01:10:40 | PRODUCTION BOT
2026-08-24 01:10:40,451 | Scanning 50 symbols
2026-08-24 01:10:40,452 | ================================================================================
2026-08-24 01:10:40,452 | ❌ Bot error: _log() got an unexpected keyword argument 'end'
2026-08-24 01:10:40,456 | [*] MCP subprocess terminated
2026-08-24 01:11:31,651 | [+] MCP subprocess started (unbuffered)
2026-08-24 01:11:31,930 | ✅ MCP initialized
2026-08-24 01:11:31,930 | ================================================================================
2026-08-24 01:11:31,930 | FETCHING SYMBOLS
2026-08-24 01:11:31,930 | ================================================================================
2026-08-24 01:11:31,930 | [*] Fetching S&P 500 symbols from Wikipedia...
2026-08-24 01:11:32,795 | ✅ Fetched 503 S&P 500 symbols
2026-08-24 01:11:32,795 |    S&P 500: 503 symbols
2026-08-24 01:11:32,795 | [*] Fetching NASDAQ-100 symbols from Wikipedia...
2026-08-24 01:11:33,136 | No Symbol/Ticker column found
2026-08-24 01:11:33,136 |    NASDAQ-100: 20 symbols
2026-08-24 01:11:33,136 |    Combined unique: 504 symbols
2026-08-24 01:11:33,137 | [*] Filtering 504 symbols by volume & price...
2026-08-24 01:11:33,137 |    Downloading batch 1...
2026-08-24 01:11:38,021 |    Downloading batch 2...
2026-08-24 01:11:42,105 |    Downloading batch 3...
2026-08-24 01:11:46,486 |    Downloading batch 4...
2026-08-24 01:11:50,549 |    Downloading batch 5...
2026-08-24 01:11:54,588 |    Downloading batch 6...
2026-08-24 01:11:59,320 |    Downloading batch 7...
2026-08-24 01:12:03,273 |    Downloading batch 8...
2026-08-24 01:12:07,367 |    Downloading batch 9...
2026-08-24 01:12:12,398 |    Downloading batch 10...
2026-08-24 01:12:16,437 |    Downloading batch 11...
2026-08-24 01:12:17,018 | ✅ Filtered to 58 symbols (vol>10M, price $5-$500)
2026-08-24 01:12:17,018 | 📊 Final symbol list: 50 symbols
2026-08-24 01:12:17,018 |     1. AMD
2026-08-24 01:12:17,018 |     2. AES
2026-08-24 01:12:17,018 |     3. GOOGL
2026-08-24 01:12:17,018 |     4. GOOG
2026-08-24 01:12:17,018 |     5. AMZN
2026-08-24 01:12:17,018 |     6. AAPL
2026-08-24 01:12:17,019 |     7. T
2026-08-24 01:12:17,019 |     8. BAC
2026-08-24 01:12:17,019 |     9. BSX
2026-08-24 01:12:17,019 |    10. AVGO
2026-08-24 01:12:17,019 |    11. CCL
2026-08-24 01:12:17,019 |    12. CVNA
2026-08-24 01:12:17,019 |    13. CMG
2026-08-24 01:12:17,019 |    14. CSCO
2026-08-24 01:12:17,019 |    15. C
2026-08-24 01:12:17,019 |    16. KO
2026-08-24 01:12:17,019 |    17. COIN
2026-08-24 01:12:17,019 |    18. CMCSA
2026-08-24 01:12:17,019 |    19. CPRT
2026-08-24 01:12:17,019 |    20. CSX
2026-08-24 01:12:17,019 |    ... and 30 more
2026-08-24 01:12:17,019 | ================================================================================

2026-08-24 01:12:17,019 | ================================================================================
2026-08-24 01:12:17,020 | CYCLE | 2026-08-24 01:12:17 | PRODUCTION BOT
2026-08-24 01:12:17,020 | Scanning 50 symbols
2026-08-24 01:12:17,020 | ================================================================================
2026-08-24 01:12:35,137 | 📋 Scanned 50 | Found 0 signals
2026-08-24 01:12:35,138 | ================================================================================

2026-08-24 01:12:35,144 | [*] MCP subprocess terminated
2026-08-24 01:14:20,830 | [+] MCP subprocess started (unbuffered)
2026-08-24 01:14:21,105 | ✅ MCP initialized
2026-08-24 01:14:21,105 | ================================================================================
2026-08-24 01:14:21,106 | FETCHING SYMBOLS
2026-08-24 01:14:21,106 | ================================================================================
2026-08-24 01:14:21,106 | ================================================================================
2026-08-24 01:14:21,106 | FETCHING TOP TRENDING SYMBOLS FROM YFINANCE
2026-08-24 01:14:21,106 | ================================================================================
2026-08-24 01:14:21,106 | [*] Fetching top 50 trending symbols from yfinance...
2026-08-24 01:14:21,106 |     Analyzing 100 popular stocks...
2026-08-24 01:14:22,718 |     Progress: 10/100
2026-08-24 01:14:23,118 |     Progress: 20/100
2026-08-24 01:14:23,749 |     Progress: 30/100
2026-08-24 01:14:24,136 |     Progress: 40/100
2026-08-24 01:14:24,915 |     Progress: 50/100
2026-08-24 01:14:26,221 |     Progress: 60/100
2026-08-24 01:14:26,433 | HTTP Error 404: {"quoteSummary":{"result":null,"error":{"code":"Not Found","description":"Quote not found for symbol: GRUBHUB"}}}
2026-08-24 01:14:27,314 | $SQ: possibly delisted; no price data found  (period=5d) (Yahoo error = "No data found, symbol may be delisted")
2026-08-24 01:14:27,446 |     Progress: 70/100
2026-08-24 01:14:28,040 | $GRUBHUB: possibly delisted; no price data found  (period=5d) (Yahoo error = "No data found, symbol may be delisted")
2026-08-24 01:14:28,186 |     Progress: 80/100
2026-08-24 01:14:28,776 |     Progress: 90/100
2026-08-24 01:14:29,716 | $RSX: possibly delisted; no price data found  (period=5d) (Yahoo error = "No data found, symbol may be delisted")
2026-08-24 01:14:30,816 | $ARKS: possibly delisted; no price data found  (period=5d) (Yahoo error = "No data found, symbol may be delisted")
2026-08-24 01:14:30,818 |     Progress: 100/100
2026-08-24 01:14:30,824 | ✅ Found 50 trending symbols from yfinance
2026-08-24 01:14:30,824 | 
📊 TOP 20 TRENDING:
2026-08-24 01:14:30,825 |     1. INTC   | Score:    7957.03 | Momentum:  -13.38% | Vol:  429.8M | Volatility:   1.4% | Price: $   90.06
2026-08-24 01:14:30,825 |     2. COIN   | Score:    3442.59 | Momentum:  +24.74% | Vol:   61.5M | Volatility:   2.3% | Price: $  186.57
2026-08-24 01:14:30,825 |     3. WMT    | Score:    2683.08 | Momentum:   -9.55% | Vol:  166.6M | Volatility:   1.7% | Price: $  103.70
2026-08-24 01:14:30,825 |     4. RIVN   | Score:    1918.22 | Momentum:  +13.94% | Vol:  130.8M | Volatility:   1.1% | Price: $   16.96
2026-08-24 01:14:30,825 |     5. TSLA   | Score:    1184.10 | Momentum:   +6.89% | Vol:  163.0M | Volatility:   1.1% | Price: $  362.88
2026-08-24 01:14:30,825 |     6. NVDA   | Score:    1028.26 | Momentum:   -5.23% | Vol:  381.2M | Volatility:   0.5% | Price: $  214.75
2026-08-24 01:14:30,825 |     7. CMG    | Score:     828.77 | Momentum:  +10.01% | Vol:   73.5M | Volatility:   1.1% | Price: $   36.88
2026-08-24 01:14:30,825 |     8. MU     | Score:     787.59 | Momentum:   -5.07% | Vol:  129.4M | Volatility:   1.2% | Price: $  966.72
2026-08-24 01:14:30,826 |     9. FSLY   | Score:     755.92 | Momentum:  -14.75% | Vol:   24.6M | Volatility:   2.1% | Price: $   24.97
2026-08-24 01:14:30,826 |    10. AMD    | Score:     687.49 | Momentum:   -7.72% | Vol:   80.2M | Volatility:   1.1% | Price: $  472.75
2026-08-24 01:14:30,826 |    11. BABA   | Score:     576.83 | Momentum:   -4.31% | Vol:   87.6M | Volatility:   1.5% | Price: $  119.32
2026-08-24 01:14:30,826 |    12. CRWD   | Score:     494.37 | Momentum:  -10.35% | Vol:   33.7M | Volatility:   1.4% | Price: $  191.95
2026-08-24 01:14:30,826 |    13. ARKG   | Score:     473.02 | Momentum:  +12.48% | Vol:   25.4M | Volatility:   1.5% | Price: $   49.49
2026-08-24 01:14:30,826 |    14. LCID   | Score:     431.91 | Momentum:   -9.46% | Vol:   39.1M | Volatility:   1.2% | Price: $    5.51
2026-08-24 01:14:30,826 |    15. CRM    | Score:     362.87 | Momentum:   +8.69% | Vol:   46.2M | Volatility:   0.9% | Price: $  209.15
2026-08-24 01:14:30,826 |    16. NFLX   | Score:     356.98 | Momentum:   +3.60% | Vol:  122.3M | Volatility:   0.8% | Price: $   79.62
2026-08-24 01:14:30,826 |    17. PLTR   | Score:     286.63 | Momentum:   +2.91% | Vol:  131.2M | Volatility:   0.8% | Price: $  179.94
2026-08-24 01:14:30,827 |    18. META   | Score:     284.32 | Momentum:   -4.88% | Vol:   76.6M | Volatility:   0.8% | Price: $  549.91
2026-08-24 01:14:30,827 |    19. SNAP   | Score:     266.12 | Momentum:   +1.75% | Vol:  168.9M | Volatility:   0.9% | Price: $    5.24
2026-08-24 01:14:30,827 |    20. UBER   | Score:     228.61 | Momentum:   +3.58% | Vol:   71.2M | Volatility:   0.9% | Price: $   78.79
2026-08-24 01:14:30,827 |    ... and 30 more
2026-08-24 01:14:30,827 | ================================================================================
2026-08-24 01:14:30,827 | ✅ Ready to scan 50 symbols

2026-08-24 01:14:30,827 | ================================================================================

2026-08-24 01:14:30,827 | ================================================================================
2026-08-24 01:14:30,828 | CYCLE | 2026-08-24 01:14:30 | PRODUCTION BOT
2026-08-24 01:14:30,828 | Scanning 50 symbols
2026-08-24 01:14:30,828 | ================================================================================
2026-08-24 01:14:47,743 | 📋 Scanned 50 | Found 0 signals
2026-08-24 01:14:47,745 | ================================================================================

2026-08-24 01:14:47,754 | [*] MCP subprocess terminated
2026-08-24 01:16:08,994 | [+] MCP subprocess started (unbuffered)
2026-08-24 01:16:09,278 | ✅ MCP initialized
2026-08-24 01:16:09,279 | ================================================================================
2026-08-24 01:16:09,279 | FETCHING SYMBOLS
2026-08-24 01:16:09,279 | ================================================================================
2026-08-24 01:16:09,279 | ================================================================================
2026-08-24 01:16:09,279 | FETCHING TOP TRENDING SYMBOLS FROM YFINANCE
2026-08-24 01:16:09,279 | ================================================================================
2026-08-24 01:16:09,279 | [*] Fetching top 100 trending symbols from yfinance...
2026-08-24 01:16:09,279 |     Analyzing 100 popular stocks...
2026-08-24 01:16:11,083 |     Progress: 10/100
2026-08-24 01:16:11,525 |     Progress: 20/100
2026-08-24 01:16:11,880 |     Progress: 30/100
2026-08-24 01:16:12,334 |     Progress: 40/100
2026-08-24 01:16:12,627 |     Progress: 50/100
2026-08-24 01:16:13,216 |     Progress: 60/100
2026-08-24 01:16:13,643 |     Progress: 70/100
2026-08-24 01:16:14,263 | HTTP Error 404: {"quoteSummary":{"result":null,"error":{"code":"Not Found","description":"Quote not found for symbol: GRUBHUB"}}}
2026-08-24 01:16:14,391 |     Progress: 80/100
2026-08-24 01:16:14,785 |     Progress: 90/100
2026-08-24 01:16:15,178 | $SQ: possibly delisted; no price data found  (period=5d) (Yahoo error = "No data found, symbol may be delisted")
2026-08-24 01:16:15,706 | $GRUBHUB: possibly delisted; no price data found  (period=5d) (Yahoo error = "No data found, symbol may be delisted")
2026-08-24 01:16:16,596 | $RSX: possibly delisted; no price data found  (period=5d) (Yahoo error = "No data found, symbol may be delisted")
2026-08-24 01:16:16,599 | $ARKS: possibly delisted; no price data found  (period=5d) (Yahoo error = "No data found, symbol may be delisted")
2026-08-24 01:16:16,600 |     Progress: 100/100
2026-08-24 01:16:16,619 | ✅ Found 96 trending symbols from yfinance
2026-08-24 01:16:16,619 | 
📊 TOP 20 TRENDING:
2026-08-24 01:16:16,620 |     1. INTC   | Score:    7957.03 | Momentum:  -13.38% | Vol:  429.8M | Volatility:   1.4% | Price: $   90.06
2026-08-24 01:16:16,620 |     2. COIN   | Score:    3442.59 | Momentum:  +24.74% | Vol:   61.5M | Volatility:   2.3% | Price: $  186.57
2026-08-24 01:16:16,620 |     3. WMT    | Score:    2683.08 | Momentum:   -9.55% | Vol:  166.6M | Volatility:   1.7% | Price: $  103.70
2026-08-24 01:16:16,620 |     4. RIVN   | Score:    1918.22 | Momentum:  +13.94% | Vol:  130.8M | Volatility:   1.1% | Price: $   16.96
2026-08-24 01:16:16,620 |     5. TSLA   | Score:    1184.10 | Momentum:   +6.89% | Vol:  163.0M | Volatility:   1.1% | Price: $  362.88
2026-08-24 01:16:16,620 |     6. NVDA   | Score:    1028.26 | Momentum:   -5.23% | Vol:  381.2M | Volatility:   0.5% | Price: $  214.75
2026-08-24 01:16:16,620 |     7. CMG    | Score:     828.77 | Momentum:  +10.01% | Vol:   73.5M | Volatility:   1.1% | Price: $   36.88
2026-08-24 01:16:16,620 |     8. MU     | Score:     787.59 | Momentum:   -5.07% | Vol:  129.4M | Volatility:   1.2% | Price: $  966.72
2026-08-24 01:16:16,620 |     9. FSLY   | Score:     755.92 | Momentum:  -14.75% | Vol:   24.6M | Volatility:   2.1% | Price: $   24.97
2026-08-24 01:16:16,621 |    10. AMD    | Score:     687.49 | Momentum:   -7.72% | Vol:   80.2M | Volatility:   1.1% | Price: $  472.75
2026-08-24 01:16:16,621 |    11. BABA   | Score:     576.83 | Momentum:   -4.31% | Vol:   87.6M | Volatility:   1.5% | Price: $  119.32
2026-08-24 01:16:16,621 |    12. CRWD   | Score:     494.37 | Momentum:  -10.35% | Vol:   33.7M | Volatility:   1.4% | Price: $  191.95
2026-08-24 01:16:16,621 |    13. ARKG   | Score:     473.02 | Momentum:  +12.48% | Vol:   25.4M | Volatility:   1.5% | Price: $   49.49
2026-08-24 01:16:16,621 |    14. LCID   | Score:     431.91 | Momentum:   -9.46% | Vol:   39.1M | Volatility:   1.2% | Price: $    5.51
2026-08-24 01:16:16,621 |    15. CRM    | Score:     362.87 | Momentum:   +8.69% | Vol:   46.2M | Volatility:   0.9% | Price: $  209.15
2026-08-24 01:16:16,621 |    16. NFLX   | Score:     356.98 | Momentum:   +3.60% | Vol:  122.3M | Volatility:   0.8% | Price: $   79.62
2026-08-24 01:16:16,621 |    17. PLTR   | Score:     286.63 | Momentum:   +2.91% | Vol:  131.2M | Volatility:   0.8% | Price: $  179.94
2026-08-24 01:16:16,621 |    18. META   | Score:     284.32 | Momentum:   -4.88% | Vol:   76.6M | Volatility:   0.8% | Price: $  549.91
2026-08-24 01:16:16,621 |    19. SNAP   | Score:     266.12 | Momentum:   +1.75% | Vol:  168.9M | Volatility:   0.9% | Price: $    5.24
2026-08-24 01:16:16,621 |    20. UBER   | Score:     228.61 | Momentum:   +3.58% | Vol:   71.2M | Volatility:   0.9% | Price: $   78.79
2026-08-24 01:16:16,622 |    ... and 76 more
2026-08-24 01:16:16,622 | ================================================================================
2026-08-24 01:16:16,622 | FILTERING BY MARKET CAP (min: $10.0B, vol: 1.0M)
2026-08-24 01:16:16,622 | ================================================================================
2026-08-24 01:16:17,861 | ✅ [  1/96] INTC   | Cap: $473.28B | Vol:  119.1M | Price: $    0.00
2026-08-24 01:16:18,800 | ✅ [  2/96] COIN   | Cap: $ 49.20B | Vol:    8.5M | Price: $    0.00
2026-08-24 01:16:19,769 | ✅ [  3/96] WMT    | Cap: $825.25B | Vol:   24.7M | Price: $    0.00
2026-08-24 01:16:20,715 | ✅ [  4/96] RIVN   | Cap: $ 24.57B | Vol:   32.6M | Price: $    0.00
2026-08-24 01:16:21,581 | ✅ [  5/96] TSLA   | Cap: $1433.13B | Vol:   42.1M | Price: $    0.00
2026-08-24 01:16:22,524 | ✅ [  6/96] NVDA   | Cap: $5200.73B | Vol:  140.6M | Price: $    0.00
2026-08-24 01:16:23,395 | ✅ [  7/96] CMG    | Cap: $ 46.78B | Vol:   20.1M | Price: $    0.00
2026-08-24 01:16:24,384 | ✅ [  8/96] MU     | Cap: $1091.87B | Vol:   48.2M | Price: $    0.00
2026-08-24 01:16:26,634 | ✅ [ 10/96] AMD    | Cap: $772.57B | Vol:   28.8M | Price: $    0.00
2026-08-24 01:16:27,577 | ✅ [ 11/96] BABA   | Cap: $286.04B | Vol:   12.3M | Price: $    0.00
2026-08-24 01:16:28,493 | ✅ [ 12/96] CRWD   | Cap: $195.45B | Vol:   10.7M | Price: $    0.00
2026-08-24 01:16:32,431 | ✅ [ 15/96] CRM    | Cap: $171.31B | Vol:   14.9M | Price: $    0.00
2026-08-24 01:16:33,616 | ✅ [ 16/96] NFLX   | Cap: $331.41B | Vol:   42.6M | Price: $    0.00
2026-08-24 01:16:34,507 | ✅ [ 17/96] PLTR   | Cap: $432.41B | Vol:   43.2M | Price: $    0.00
2026-08-24 01:16:35,872 | ✅ [ 18/96] META   | Cap: $1400.87B | Vol:   18.5M | Price: $    0.00
2026-08-24 01:16:37,667 | ✅ [ 20/96] UBER   | Cap: $160.95B | Vol:   20.7M | Price: $    0.00
2026-08-24 01:16:38,634 | ✅ [ 21/96] F      | Cap: $ 57.46B | Vol:   56.6M | Price: $    0.00
2026-08-24 01:16:43,181 | ✅ [ 24/96] CPNG   | Cap: $ 29.57B | Vol:   21.6M | Price: $    0.00
2026-08-24 01:16:45,918 | ✅ [ 26/96] AAPL   | Cap: $4514.71B | Vol:   56.4M | Price: $    0.00
2026-08-24 01:16:48,614 | ✅ [ 28/96] INTU   | Cap: $100.39B | Vol:    5.1M | Price: $    0.00
2026-08-24 01:16:51,386 | ✅ [ 30/96] ADBE   | Cap: $109.43B | Vol:    6.4M | Price: $    0.00
2026-08-24 01:16:54,384 | ✅ [ 32/96] KO     | Cap: $391.96B | Vol:   17.6M | Price: $    0.00
2026-08-24 01:16:55,291 | ✅ [ 33/96] T      | Cap: $173.30B | Vol:   62.9M | Price: $    0.00
2026-08-24 01:16:56,315 | ✅ [ 34/96] XOM    | Cap: $678.92B | Vol:   15.8M | Price: $    0.00
2026-08-24 01:16:57,300 | ✅ [ 35/96] ABT    | Cap: $201.83B | Vol:   11.9M | Price: $    0.00
2026-08-24 01:16:58,177 | ✅ [ 36/96] OKTA   | Cap: $ 23.49B | Vol:    3.6M | Price: $    0.00
2026-08-24 01:17:02,782 | ✅ [ 39/96] XPEV   | Cap: $ 11.66B | Vol:    7.2M | Price: $    0.00
2026-08-24 01:17:03,737 | ✅ [ 40/96] U      | Cap: $ 20.65B | Vol:    9.6M | Price: $    0.00
2026-08-24 01:17:04,748 | ✅ [ 41/96] LLY    | Cap: $1119.49B | Vol:    3.0M | Price: $    0.00
2026-08-24 01:17:05,631 | ✅ [ 42/96] NET    | Cap: $104.38B | Vol:    3.7M | Price: $    0.00
2026-08-24 01:17:06,568 | ✅ [ 43/96] BA     | Cap: $169.30B | Vol:    5.9M | Price: $    0.00
2026-08-24 01:17:09,324 | ✅ [ 45/96] AMZN   | Cap: $2789.66B | Vol:   49.7M | Price: $    0.00
2026-08-24 01:17:10,181 | ✅ [ 46/96] DASH   | Cap: $ 97.38B | Vol:    4.6M | Price: $    0.00
2026-08-24 01:17:12,996 | ✅ [ 48/96] CSCO   | Cap: $437.66B | Vol:   23.9M | Price: $    0.00
2026-08-24 01:17:13,927 | ✅ [ 49/96] DDOG   | Cap: $ 84.61B | Vol:    5.2M | Price: $    0.00
2026-08-24 01:17:14,831 | ✅ [ 50/96] ABNB   | Cap: $110.43B | Vol:    4.2M | Price: $    0.00
2026-08-24 01:17:15,806 | ✅ [ 51/96] VZ     | Cap: $205.45B | Vol:   27.0M | Price: $    0.00
2026-08-24 01:17:16,745 | ✅ [ 52/96] JNJ    | Cap: $651.25B | Vol:    8.0M | Price: $    0.00
2026-08-24 01:17:17,879 | ✅ [ 53/96] PDD    | Cap: $125.80B | Vol:    8.6M | Price: $    0.00
2026-08-24 01:17:18,979 | ✅ [ 54/96] NIO    | Cap: $ 11.60B | Vol:   29.7M | Price: $    0.00
2026-08-24 01:17:21,878 | ✅ [ 56/96] QCOM   | Cap: $168.83B | Vol:   16.8M | Price: $    0.00
2026-08-24 01:17:28,266 | ✅ [ 60/96] JD     | Cap: $ 39.66B | Vol:    8.6M | Price: $    0.00
2026-08-24 01:17:29,220 | ✅ [ 61/96] GM     | Cap: $ 79.53B | Vol:    7.5M | Price: $    0.00
2026-08-24 01:17:30,157 | ✅ [ 62/96] V      | Cap: $692.75B | Vol:    8.1M | Price: $    0.00
2026-08-24 01:17:31,087 | ✅ [ 63/96] PYPL   | Cap: $ 52.65B | Vol:   15.9M | Price: $    0.00
2026-08-24 01:17:35,807 | ✅ [ 66/96] JPM    | Cap: $934.57B | Vol:    8.8M | Price: $    0.00
2026-08-24 01:17:38,861 | ✅ [ 68/96] CVX    | Cap: $402.66B | Vol:    8.7M | Price: $    0.00
2026-08-24 01:17:41,833 | ✅ [ 70/96] IBM    | Cap: $222.04B | Vol:   10.8M | Price: $    0.00
2026-08-24 01:17:42,693 | ✅ [ 71/96] PINS   | Cap: $ 13.25B | Vol:   15.1M | Price: $    0.00
2026-08-24 01:17:43,653 | ✅ [ 72/96] PG     | Cap: $336.30B | Vol:    9.2M | Price: $    0.00
2026-08-24 01:17:47,328 | ✅ [ 75/96] SBUX   | Cap: $122.07B | Vol:    7.5M | Price: $    0.00
2026-08-24 01:17:50,162 | ✅ [ 77/96] ZM     | Cap: $ 31.50B | Vol:    3.7M | Price: $    0.00
2026-08-24 01:17:51,996 | ✅ [ 79/96] SHOP   | Cap: $192.03B | Vol:    9.4M | Price: $    0.00
2026-08-24 01:17:53,028 | ✅ [ 80/96] GOOGL  | Cap: $4217.13B | Vol:   32.0M | Price: $    0.00
2026-08-24 01:17:55,755 | ✅ [ 82/96] MCD    | Cap: $191.74B | Vol:    4.6M | Price: $    0.00
2026-08-24 01:17:56,681 | ✅ [ 83/96] SNOW   | Cap: $115.34B | Vol:    7.1M | Price: $    0.00
2026-08-24 01:17:59,629 | ✅ [ 85/96] AXP    | Cap: $226.90B | Vol:    3.0M | Price: $    0.00
2026-08-24 01:18:00,811 | ✅ [ 86/96] BRK-B  | Cap: $1061.41B | Vol:    4.8M | Price: $    0.00
2026-08-24 01:18:02,038 | ✅ [ 87/96] MSFT   | Cap: $3588.32B | Vol:   39.6M | Price: $    0.00
2026-08-24 01:18:02,918 | ✅ [ 88/96] RBLX   | Cap: $ 27.41B | Vol:   11.9M | Price: $    0.00
2026-08-24 01:18:03,879 | ✅ [ 89/96] BKNG   | Cap: $157.50B | Vol:    7.0M | Price: $    0.00
2026-08-24 08:56:34,892 | [+] MCP subprocess started (unbuffered)
2026-08-24 08:56:35,164 | ✅ MCP initialized
2026-08-24 08:56:35,164 | ================================================================================
2026-08-24 08:56:35,164 | FETCHING SYMBOLS
2026-08-24 08:56:35,164 | ================================================================================
2026-08-24 08:56:35,164 | ================================================================================
2026-08-24 08:56:35,164 | FETCHING TOP TRENDING SYMBOLS FROM YFINANCE
2026-08-24 08:56:35,164 | ================================================================================
2026-08-24 08:56:35,165 | [*] Fetching top 100 trending symbols from yfinance...
2026-08-24 08:56:35,165 |     Analyzing 100 popular stocks...
2026-08-24 08:56:36,789 |     Progress: 10/100
2026-08-24 08:56:37,250 |     Progress: 20/100
2026-08-24 08:56:37,649 |     Progress: 30/100
2026-08-24 08:56:38,033 |     Progress: 40/100
2026-08-24 08:56:38,736 |     Progress: 50/100
2026-08-24 08:56:39,761 |     Progress: 60/100
2026-08-24 08:56:40,238 |     Progress: 70/100
2026-08-24 08:56:40,407 | HTTP Error 404: {"quoteSummary":{"result":null,"error":{"code":"Not Found","description":"Quote not found for symbol: GRUBHUB"}}}
2026-08-24 08:56:40,816 |     Progress: 80/100
2026-08-24 08:56:41,138 | $SQ: possibly delisted; no price data found  (period=5d) (Yahoo error = "No data found, symbol may be delisted")
2026-08-24 08:56:41,248 |     Progress: 90/100
2026-08-24 08:56:42,472 | $RSX: possibly delisted; no price data found  (period=5d) (Yahoo error = "No data found, symbol may be delisted")
2026-08-24 08:56:42,492 | $GRUBHUB: possibly delisted; no price data found  (period=5d) (Yahoo error = "No data found, symbol may be delisted")
2026-08-24 08:56:43,819 | $ARKS: possibly delisted; no price data found  (period=5d) (Yahoo error = "No data found, symbol may be delisted")
2026-08-24 08:56:43,824 |     Progress: 100/100
2026-08-24 08:56:43,839 | ✅ Found 96 trending symbols from yfinance
2026-08-24 08:56:43,840 | 
📊 TOP 20 TRENDING:
2026-08-24 08:56:43,840 |     1. INTC   | Score:    6099.89 | Momentum:  -12.07% | Vol:  370.4M | Volatility:   1.4% | Price: $   85.68
2026-08-24 08:56:43,840 |     2. COIN   | Score:    3658.88 | Momentum:  +24.80% | Vol:   59.8M | Volatility:   2.5% | Price: $  187.28
2026-08-24 08:56:43,840 |     3. WMT    | Score:    2728.74 | Momentum:   -9.18% | Vol:  160.0M | Volatility:   1.9% | Price: $  104.83
2026-08-24 08:56:43,840 |     4. RIVN   | Score:    1577.45 | Momentum:  +16.62% | Vol:   93.2M | Volatility:   1.0% | Price: $   16.99
2026-08-24 08:56:43,840 |     5. BABA   | Score:    1135.50 | Momentum:   -8.03% | Vol:   86.0M | Volatility:   1.6% | Price: $  117.22
2026-08-24 08:56:43,840 |     6. MU     | Score:    1008.41 | Momentum:   -6.15% | Vol:  105.9M | Volatility:   1.5% | Price: $  898.69
2026-08-24 08:56:43,840 |     7. NVDA   | Score:    1008.36 | Momentum:   -4.76% | Vol:  363.3M | Volatility:   0.6% | Price: $  209.50
2026-08-24 08:56:43,840 |     8. TSLA   | Score:     905.16 | Momentum:   +4.92% | Vol:  146.2M | Volatility:   1.3% | Price: $  353.42
2026-08-24 08:56:43,841 |     9. CMG    | Score:     817.34 | Momentum:  +10.74% | Vol:   63.0M | Volatility:   1.2% | Price: $   37.32
2026-08-24 08:56:43,841 |    10. FSLY   | Score:     532.86 | Momentum:  -11.98% | Vol:   21.0M | Volatility:   2.1% | Price: $   24.14
2026-08-24 08:56:43,841 |    11. ARKG   | Score:     452.31 | Momentum:  +10.41% | Vol:   24.9M | Volatility:   1.7% | Price: $   47.83
2026-08-24 08:56:43,841 |    12. AMD    | Score:     404.13 | Momentum:   -5.71% | Vol:   65.5M | Volatility:   1.1% | Price: $  454.12
2026-08-24 08:56:43,841 |    13. CRWD   | Score:     398.33 | Momentum:   -8.80% | Vol:   29.3M | Volatility:   1.5% | Price: $  192.60
2026-08-24 08:56:43,841 |    14. LCID   | Score:     317.85 | Momentum:   -9.02% | Vol:   35.7M | Volatility:   1.0% | Price: $    5.45
2026-08-24 08:56:43,841 |    15. GLD    | Score:     288.01 | Momentum:   +6.19% | Vol:   59.7M | Volatility:   0.8% | Price: $  428.02
2026-08-24 08:56:43,841 |    16. CRM    | Score:     283.81 | Momentum:   +8.18% | Vol:   39.7M | Volatility:   0.9% | Price: $  212.47
2026-08-24 08:56:43,841 |    17. EWZ    | Score:     256.77 | Momentum:   +3.42% | Vol:   85.9M | Volatility:   0.9% | Price: $   35.24
2026-08-24 08:56:43,841 |    18. CPNG   | Score:     211.07 | Momentum:   +3.98% | Vol:   47.8M | Volatility:   1.1% | Price: $   16.46
2026-08-24 08:56:43,841 |    19. NFLX   | Score:     177.27 | Momentum:   +2.53% | Vol:   99.1M | Volatility:   0.7% | Price: $   80.11
2026-08-24 08:56:43,842 |    20. F      | Score:     164.42 | Momentum:   +0.90% | Vol:  149.6M | Volatility:   1.2% | Price: $   14.09
2026-08-24 08:56:43,842 |    ... and 76 more
2026-08-24 08:56:43,842 | ================================================================================
2026-08-24 08:56:43,842 | FILTERING BY MARKET CAP (min: $10.0B, vol: 1.0M)
2026-08-24 08:56:43,842 | ================================================================================
2026-08-24 08:56:45,433 | ✅ [  1/96] INTC   | Cap: $450.31B | Vol:  119.1M | Price: $    0.00
2026-08-24 08:56:46,631 | ✅ [  2/96] COIN   | Cap: $ 49.42B | Vol:    8.5M | Price: $    0.00
2026-08-24 08:56:47,679 | ✅ [  3/96] WMT    | Cap: $834.40B | Vol:   24.7M | Price: $    0.00
2026-08-24 08:56:48,796 | ✅ [  4/96] RIVN   | Cap: $ 24.64B | Vol:   32.6M | Price: $    0.00
2026-08-24 08:56:50,103 | ✅ [  5/96] BABA   | Cap: $280.99B | Vol:   12.3M | Price: $    0.00
2026-08-24 08:56:51,353 | ✅ [  6/96] MU     | Cap: $1016.23B | Vol:   48.2M | Price: $    0.00
2026-08-24 08:56:52,535 | ✅ [  7/96] NVDA   | Cap: $5076.12B | Vol:  140.6M | Price: $    0.00
2026-08-24 08:56:53,429 | ✅ [  8/96] TSLA   | Cap: $1397.31B | Vol:   42.1M | Price: $    0.00
2026-08-24 08:56:54,635 | ✅ [  9/96] CMG    | Cap: $ 47.35B | Vol:   20.1M | Price: $    0.00
2026-08-24 08:56:59,256 | ✅ [ 12/96] AMD    | Cap: $741.23B | Vol:   28.8M | Price: $    0.00
2026-08-24 08:57:00,256 | ✅ [ 13/96] CRWD   | Cap: $196.08B | Vol:   10.7M | Price: $    0.00
2026-08-24 08:57:04,256 | ✅ [ 16/96] CRM    | Cap: $174.21B | Vol:   14.9M | Price: $    0.00
2026-08-24 08:57:07,495 | ✅ [ 18/96] CPNG   | Cap: $ 29.58B | Vol:   21.6M | Price: $    0.00
2026-08-24 08:57:08,645 | ✅ [ 19/96] NFLX   | Cap: $333.54B | Vol:   42.6M | Price: $    0.00
2026-08-24 08:57:09,584 | ✅ [ 20/96] F      | Cap: $ 56.13B | Vol:   56.6M | Price: $    0.00
2026-08-24 08:57:12,755 | ✅ [ 22/96] XPEV   | Cap: $ 10.92B | Vol:    7.2M | Price: $    0.00
2026-08-24 08:57:13,640 | ✅ [ 23/96] NIO    | Cap: $ 11.11B | Vol:   29.7M | Price: $    0.00
2026-08-24 08:57:14,562 | ✅ [ 24/96] UBER   | Cap: $161.03B | Vol:   20.7M | Price: $    0.00
2026-08-24 08:57:17,660 | ✅ [ 26/96] PLTR   | Cap: $420.63B | Vol:   43.2M | Price: $    0.00
2026-08-24 08:57:20,901 | ✅ [ 28/96] T      | Cap: $175.04B | Vol:   62.9M | Price: $    0.00
2026-08-24 08:57:22,030 | ✅ [ 29/96] KO     | Cap: $396.61B | Vol:   17.6M | Price: $    0.00
2026-08-24 08:57:22,973 | ✅ [ 30/96] OKTA   | Cap: $ 22.99B | Vol:    3.6M | Price: $    0.00
2026-08-24 08:57:23,881 | ✅ [ 31/96] DDOG   | Cap: $ 82.96B | Vol:    5.2M | Price: $    0.00
2026-08-24 08:57:24,997 | ✅ [ 32/96] RBLX   | Cap: $ 27.91B | Vol:   11.9M | Price: $    0.00
2026-08-24 08:57:28,439 | ✅ [ 34/96] ADBE   | Cap: $110.39B | Vol:    6.4M | Price: $    0.00
2026-08-24 08:57:31,599 | ✅ [ 36/96] VZ     | Cap: $207.54B | Vol:   27.0M | Price: $    0.00
2026-08-24 08:57:32,828 | ✅ [ 37/96] ABT    | Cap: $202.63B | Vol:   11.9M | Price: $    0.00
2026-08-24 08:57:33,787 | ✅ [ 38/96] BA     | Cap: $167.16B | Vol:    5.9M | Price: $    0.00
2026-08-24 08:57:34,923 | ✅ [ 39/96] NET    | Cap: $102.44B | Vol:    3.7M | Price: $    0.00
2026-08-24 08:57:35,999 | ✅ [ 40/96] INTU   | Cap: $101.47B | Vol:    5.1M | Price: $    0.00
2026-08-24 08:57:37,022 | ✅ [ 41/96] V      | Cap: $710.27B | Vol:    8.1M | Price: $    0.00
2026-08-24 08:57:40,662 | ✅ [ 43/96] GM     | Cap: $ 78.73B | Vol:    7.5M | Price: $    0.00
2026-08-24 08:57:41,740 | ✅ [ 44/96] AAPL   | Cap: $4546.01B | Vol:   56.4M | Price: $    0.00
2026-08-24 08:57:45,117 | ✅ [ 46/96] ABNB   | Cap: $112.53B | Vol:    4.2M | Price: $    0.00
2026-08-24 08:57:49,417 | ✅ [ 49/96] PG     | Cap: $339.60B | Vol:    9.2M | Price: $    0.00
2026-08-24 08:57:51,523 | ✅ [ 51/96] LLY    | Cap: $1111.11B | Vol:    3.0M | Price: $    0.00
2026-08-24 08:57:53,591 | ✅ [ 53/96] BKNG   | Cap: $160.41B | Vol:    7.0M | Price: $    0.00
2026-08-24 08:57:56,687 | ✅ [ 55/96] PYPL   | Cap: $ 52.99B | Vol:   15.9M | Price: $    0.00
2026-08-24 08:57:57,598 | ✅ [ 56/96] CSCO   | Cap: $433.88B | Vol:   23.9M | Price: $    0.00
2026-08-24 08:57:58,717 | ✅ [ 57/96] GOOGL  | Cap: $4252.59B | Vol:   32.0M | Price: $    0.00
2026-08-24 08:57:59,759 | ✅ [ 58/96] PINS   | Cap: $ 13.13B | Vol:   15.1M | Price: $    0.00
2026-08-24 08:58:00,988 | ✅ [ 59/96] MSFT   | Cap: $3612.27B | Vol:   39.6M | Price: $    0.00
2026-08-24 08:58:06,506 | ✅ [ 62/96] JD     | Cap: $ 39.26B | Vol:    8.6M | Price: $    0.00
2026-08-24 08:58:07,640 | ✅ [ 63/96] U      | Cap: $ 20.41B | Vol:    9.6M | Price: $    0.00
2026-08-24 08:58:10,809 | ✅ [ 65/96] DASH   | Cap: $ 97.67B | Vol:    4.6M | Price: $    0.00
2026-08-24 08:58:11,925 | ✅ [ 66/96] META   | Cap: $1401.41B | Vol:   18.5M | Price: $    0.00
2026-08-24 08:58:19,729 | ✅ [ 70/96] AMZN   | Cap: $2821.11B | Vol:   49.7M | Price: $    0.00
2026-08-24 08:58:20,850 | ✅ [ 71/96] JNJ    | Cap: $653.97B | Vol:    8.0M | Price: $    0.00
2026-08-24 08:58:21,982 | ✅ [ 72/96] QCOM   | Cap: $164.94B | Vol:   16.8M | Price: $    0.00
2026-08-24 08:58:23,106 | ✅ [ 73/96] SNOW   | Cap: $112.95B | Vol:    7.1M | Price: $    0.00
2026-08-24 08:58:26,249 | ✅ [ 75/96] XOM    | Cap: $676.82B | Vol:   15.8M | Price: $    0.00
2026-08-24 08:58:27,390 | ✅ [ 76/96] SBUX   | Cap: $121.48B | Vol:    7.5M | Price: $    0.00
2026-08-24 08:58:28,530 | ✅ [ 77/96] MCD    | Cap: $192.47B | Vol:    4.6M | Price: $    0.00
2026-08-24 08:58:29,551 | ✅ [ 78/96] SHOP   | Cap: $192.59B | Vol:    9.4M | Price: $    0.00
2026-08-24 09:07:12,566 | [+] MCP subprocess started (unbuffered)
2026-08-24 09:07:12,745 | ✅ MCP initialized
2026-08-24 09:07:12,745 | ================================================================================
2026-08-24 09:07:12,745 | FETCHING SYMBOLS
2026-08-24 09:07:12,745 | ================================================================================
2026-08-24 09:07:12,745 | ================================================================================
2026-08-24 09:07:12,745 | FETCHING TOP TRENDING SYMBOLS FROM YFINANCE
2026-08-24 09:07:12,745 | ================================================================================
2026-08-24 09:07:12,745 | [*] Fetching top 100 trending symbols from yfinance...
2026-08-24 09:07:12,745 |     Analyzing 100 popular stocks...
2026-08-24 09:07:14,310 |     Progress: 10/100
2026-08-24 09:07:14,774 |     Progress: 20/100
2026-08-24 09:07:15,066 |     Progress: 30/100
2026-08-24 09:07:15,363 |     Progress: 40/100
2026-08-24 09:07:15,865 |     Progress: 50/100
2026-08-24 09:07:16,757 |     Progress: 60/100
2026-08-24 09:07:17,115 |     Progress: 70/100
2026-08-24 09:07:17,638 | HTTP Error 404: {"quoteSummary":{"result":null,"error":{"code":"Not Found","description":"Quote not found for symbol: GRUBHUB"}}}
2026-08-24 09:07:17,724 |     Progress: 80/100
2026-08-24 09:07:18,149 |     Progress: 90/100
2026-08-24 09:07:18,444 | $SQ: possibly delisted; no price data found  (period=5d) (Yahoo error = "No data found, symbol may be delisted")
2026-08-24 09:07:19,730 | $RSX: possibly delisted; no price data found  (period=5d) (Yahoo error = "No data found, symbol may be delisted")
2026-08-24 09:07:19,771 | $GRUBHUB: possibly delisted; no price data found  (period=5d) (Yahoo error = "No data found, symbol may be delisted")
2026-08-24 09:07:20,223 | $ARKS: possibly delisted; no price data found  (period=5d) (Yahoo error = "No data found, symbol may be delisted")
2026-08-24 09:07:20,224 |     Progress: 100/100
2026-08-24 09:07:20,234 | ✅ Found 96 trending symbols from yfinance
2026-08-24 09:07:20,234 | 
📊 TOP 20 TRENDING:
2026-08-24 09:07:20,235 |     1. INTC   | Score:    6013.00 | Momentum:  -11.92% | Vol:  375.2M | Volatility:   1.3% | Price: $   85.83
2026-08-24 09:07:20,235 |     2. COIN   | Score:    3794.12 | Momentum:  +25.54% | Vol:   60.2M | Volatility:   2.5% | Price: $  188.40
2026-08-24 09:07:20,235 |     3. WMT    | Score:    2779.71 | Momentum:   -9.33% | Vol:  160.8M | Volatility:   1.9% | Price: $  104.66
2026-08-24 09:07:20,235 |     4. RIVN   | Score:    1593.42 | Momentum:  +16.65% | Vol:   93.9M | Volatility:   1.0% | Price: $   16.99
2026-08-24 09:07:20,235 |     5. MU     | Score:    1191.91 | Momentum:   -6.74% | Vol:  107.6M | Volatility:   1.6% | Price: $  893.06
2026-08-24 09:07:20,235 |     6. NVDA   | Score:    1095.43 | Momentum:   -4.91% | Vol:  368.4M | Volatility:   0.6% | Price: $  209.17
2026-08-24 09:07:20,235 |     7. BABA   | Score:    1092.06 | Momentum:   -7.67% | Vol:   87.2M | Volatility:   1.6% | Price: $  117.68
2026-08-24 09:07:20,235 |     8. TSLA   | Score:     933.87 | Momentum:   +5.09% | Vol:  147.3M | Volatility:   1.2% | Price: $  354.00
2026-08-24 09:07:20,235 |     9. CMG    | Score:     819.16 | Momentum:  +10.71% | Vol:   63.3M | Volatility:   1.2% | Price: $   37.31
2026-08-24 09:07:20,235 |    10. FSLY   | Score:     698.57 | Momentum:  -14.33% | Vol:   21.3M | Volatility:   2.3% | Price: $   23.50
2026-08-24 09:07:20,235 |    11. ARKG   | Score:     450.47 | Momentum:  +10.18% | Vol:   25.1M | Volatility:   1.8% | Price: $   47.73
2026-08-24 09:07:20,235 |    12. CRWD   | Score:     449.52 | Momentum:   -9.86% | Vol:   29.6M | Volatility:   1.5% | Price: $  190.37
2026-08-24 09:07:20,235 |    13. AMD    | Score:     414.46 | Momentum:   -5.76% | Vol:   66.1M | Volatility:   1.1% | Price: $  453.86
2026-08-24 09:07:20,235 |    14. LCID   | Score:     344.00 | Momentum:   -9.52% | Vol:   35.8M | Volatility:   1.0% | Price: $    5.41
2026-08-24 09:07:20,235 |    15. CRM    | Score:     296.62 | Momentum:   +8.36% | Vol:   40.1M | Volatility:   0.9% | Price: $  212.82
2026-08-24 09:07:20,235 |    16. GLD    | Score:     292.77 | Momentum:   +6.19% | Vol:   60.7M | Volatility:   0.8% | Price: $  428.02
2026-08-24 09:07:20,235 |    17. EWZ    | Score:     235.90 | Momentum:   +3.11% | Vol:   87.0M | Volatility:   0.9% | Price: $   35.13
2026-08-24 09:07:20,235 |    18. CPNG   | Score:     190.88 | Momentum:   +3.57% | Vol:   48.1M | Volatility:   1.1% | Price: $   16.40
2026-08-24 09:07:20,235 |    19. NFLX   | Score:     178.44 | Momentum:   +2.53% | Vol:   99.8M | Volatility:   0.7% | Price: $   80.11
2026-08-24 09:07:20,235 |    20. XPEV   | Score:     163.83 | Momentum:   -3.85% | Vol:   30.8M | Volatility:   1.4% | Price: $   11.37
2026-08-24 09:07:20,235 |    ... and 76 more
2026-08-24 09:07:20,235 | ================================================================================
2026-08-24 09:07:20,236 | FILTERING BY MARKET CAP (min: $10.0B, vol: 1.0M)
2026-08-24 09:07:20,236 | ================================================================================
2026-08-24 09:07:21,623 | ✅ [  1/96] INTC   | Cap: $450.84B | Vol:  119.1M | Price: $    0.00
2026-08-24 09:07:22,675 | ✅ [  2/96] COIN   | Cap: $ 49.69B | Vol:    8.5M | Price: $    0.00
2026-08-24 09:07:23,833 | ✅ [  3/96] WMT    | Cap: $832.22B | Vol:   24.7M | Price: $    0.00
2026-08-24 09:07:24,946 | ✅ [  4/96] RIVN   | Cap: $ 24.58B | Vol:   32.6M | Price: $    0.00
2026-08-24 09:07:26,028 | ✅ [  5/96] MU     | Cap: $1009.48B | Vol:   48.2M | Price: $    0.00
2026-08-24 09:07:26,923 | ✅ [  6/96] NVDA   | Cap: $5068.29B | Vol:  140.6M | Price: $    0.00
2026-08-24 09:07:27,965 | ✅ [  7/96] BABA   | Cap: $282.02B | Vol:   12.3M | Price: $    0.00
2026-08-24 09:07:28,864 | ✅ [  8/96] TSLA   | Cap: $1399.52B | Vol:   42.1M | Price: $    0.00
2026-08-24 09:07:29,719 | ✅ [  9/96] CMG    | Cap: $ 47.29B | Vol:   20.1M | Price: $    0.00
2026-08-24 09:07:33,708 | ✅ [ 12/96] CRWD   | Cap: $193.60B | Vol:   10.7M | Price: $    0.00
2026-08-24 09:07:34,767 | ✅ [ 13/96] AMD    | Cap: $741.06B | Vol:   28.8M | Price: $    0.00
2026-08-24 09:07:36,479 | ✅ [ 15/96] CRM    | Cap: $174.13B | Vol:   14.9M | Price: $    0.00
2026-08-24 09:07:40,903 | ✅ [ 18/96] CPNG   | Cap: $ 29.45B | Vol:   21.6M | Price: $    0.00
2026-08-24 09:07:41,943 | ✅ [ 19/96] NFLX   | Cap: $333.41B | Vol:   42.6M | Price: $    0.00
2026-08-24 09:07:43,003 | ✅ [ 20/96] XPEV   | Cap: $ 10.87B | Vol:    7.2M | Price: $    0.00
2026-08-24 09:07:46,031 | ✅ [ 22/96] F      | Cap: $ 56.13B | Vol:   56.6M | Price: $    0.00
2026-08-24 09:07:47,033 | ✅ [ 23/96] UBER   | Cap: $161.44B | Vol:   20.7M | Price: $    0.00
2026-08-24 09:07:48,068 | ✅ [ 24/96] NIO    | Cap: $ 11.14B | Vol:   29.7M | Price: $    0.00
2026-08-24 09:35:23,912 | [+] MCP subprocess started (unbuffered)
2026-08-24 09:35:23,912 | [+] MCP subprocess started (unbuffered)
2026-08-24 09:35:24,073 | ✅ MCP initialized
2026-08-24 09:35:24,073 | ✅ MCP initialized
2026-08-24 09:35:24,073 | ================================================================================
2026-08-24 09:35:24,073 | ================================================================================
2026-08-24 09:35:24,073 | FETCHING SYMBOLS
2026-08-24 09:35:24,073 | FETCHING SYMBOLS
2026-08-24 09:35:24,073 | ================================================================================
2026-08-24 09:35:24,073 | ================================================================================
2026-08-24 09:35:24,073 | ================================================================================
2026-08-24 09:35:24,073 | ================================================================================
2026-08-24 09:35:24,073 | FETCHING TOP TRENDING SYMBOLS FROM YFINANCE
2026-08-24 09:35:24,073 | FETCHING TOP TRENDING SYMBOLS FROM YFINANCE
2026-08-24 09:35:24,073 | ================================================================================
2026-08-24 09:35:24,073 | ================================================================================
2026-08-24 09:35:24,073 | [*] Fetching top 100 trending symbols from yfinance...
2026-08-24 09:35:24,073 | [*] Fetching top 100 trending symbols from yfinance...
2026-08-24 09:35:24,074 |     Analyzing 100 popular stocks...
2026-08-24 09:35:24,074 |     Analyzing 100 popular stocks...
2026-08-24 09:35:25,729 |     Progress: 10/100
2026-08-24 09:35:25,729 |     Progress: 10/100
2026-08-24 09:35:26,120 |     Progress: 20/100
2026-08-24 09:35:26,120 |     Progress: 20/100
2026-08-24 09:35:26,544 |     Progress: 30/100
2026-08-24 09:35:26,544 |     Progress: 30/100
2026-08-24 09:35:26,836 |     Progress: 40/100
2026-08-24 09:35:26,836 |     Progress: 40/100
2026-08-24 09:35:27,413 |     Progress: 50/100
2026-08-24 09:35:27,413 |     Progress: 50/100
2026-08-24 09:35:28,227 |     Progress: 60/100
2026-08-24 09:35:28,227 |     Progress: 60/100
2026-08-24 09:35:28,673 |     Progress: 70/100
2026-08-24 09:35:28,673 |     Progress: 70/100
2026-08-24 09:35:29,162 | HTTP Error 404: {"quoteSummary":{"result":null,"error":{"code":"Not Found","description":"Quote not found for symbol: GRUBHUB"}}}
2026-08-24 09:35:29,162 | HTTP Error 404: {"quoteSummary":{"result":null,"error":{"code":"Not Found","description":"Quote not found for symbol: GRUBHUB"}}}
2026-08-24 09:35:29,282 |     Progress: 80/100
2026-08-24 09:35:29,282 |     Progress: 80/100
2026-08-24 09:35:29,877 |     Progress: 90/100
2026-08-24 09:35:29,877 |     Progress: 90/100
2026-08-24 09:35:30,556 | $GRUBHUB: possibly delisted; no price data found  (period=5d) (Yahoo error = "No data found, symbol may be delisted")
2026-08-24 09:35:30,556 | $GRUBHUB: possibly delisted; no price data found  (period=5d) (Yahoo error = "No data found, symbol may be delisted")
2026-08-24 09:35:30,737 | $SQ: possibly delisted; no price data found  (period=5d) (Yahoo error = "No data found, symbol may be delisted")
2026-08-24 09:35:30,737 | $SQ: possibly delisted; no price data found  (period=5d) (Yahoo error = "No data found, symbol may be delisted")
2026-08-24 09:35:31,339 | $RSX: possibly delisted; no price data found  (period=5d) (Yahoo error = "No data found, symbol may be delisted")
2026-08-24 09:35:31,339 | $RSX: possibly delisted; no price data found  (period=5d) (Yahoo error = "No data found, symbol may be delisted")
2026-08-24 09:35:31,340 | $ARKS: possibly delisted; no price data found  (period=5d) (Yahoo error = "No data found, symbol may be delisted")
2026-08-24 09:35:31,340 | $ARKS: possibly delisted; no price data found  (period=5d) (Yahoo error = "No data found, symbol may be delisted")
2026-08-24 09:35:31,340 |     Progress: 100/100
2026-08-24 09:35:31,340 |     Progress: 100/100
2026-08-24 09:35:31,353 | ✅ Found 96 trending symbols from yfinance
2026-08-24 09:35:31,353 | ✅ Found 96 trending symbols from yfinance
2026-08-24 09:35:31,353 | 
📊 TOP 20 TRENDING:
2026-08-24 09:35:31,353 | 
📊 TOP 20 TRENDING:
2026-08-24 09:35:31,354 |     1. INTC   | Score:    5754.98 | Momentum:  -11.35% | Vol:  382.6M | Volatility:   1.3% | Price: $   86.39
2026-08-24 09:35:31,354 |     1. INTC   | Score:    5754.98 | Momentum:  -11.35% | Vol:  382.6M | Volatility:   1.3% | Price: $   86.39
2026-08-24 09:35:31,354 |     2. COIN   | Score:    3884.92 | Momentum:  +26.07% | Vol:   61.4M | Volatility:   2.4% | Price: $  189.20
2026-08-24 09:35:31,354 |     2. COIN   | Score:    3884.92 | Momentum:  +26.07% | Vol:   61.4M | Volatility:   2.4% | Price: $  189.20
2026-08-24 09:35:31,354 |     3. WMT    | Score:    2936.94 | Momentum:   -9.50% | Vol:  169.8M | Volatility:   1.8% | Price: $  104.46
2026-08-24 09:35:31,354 |     3. WMT    | Score:    2936.94 | Momentum:   -9.50% | Vol:  169.8M | Volatility:   1.8% | Price: $  104.46
2026-08-24 09:35:31,354 |     4. RIVN   | Score:    1659.70 | Momentum:  +17.23% | Vol:   95.7M | Volatility:   1.0% | Price: $   17.08
2026-08-24 09:35:31,354 |     4. RIVN   | Score:    1659.70 | Momentum:  +17.23% | Vol:   95.7M | Volatility:   1.0% | Price: $   17.08
2026-08-24 09:35:31,354 |     5. TSLA   | Score:    1209.29 | Momentum:   +5.92% | Vol:  167.6M | Volatility:   1.2% | Price: $  356.81
2026-08-24 09:35:31,354 |     5. TSLA   | Score:    1209.29 | Momentum:   +5.92% | Vol:  167.6M | Volatility:   1.2% | Price: $  356.81
2026-08-24 09:35:31,354 |     6. NVDA   | Score:    1146.31 | Momentum:   -4.41% | Vol:  438.2M | Volatility:   0.6% | Price: $  210.26
2026-08-24 09:35:31,354 |     6. NVDA   | Score:    1146.31 | Momentum:   -4.41% | Vol:  438.2M | Volatility:   0.6% | Price: $  210.26
2026-08-24 09:35:31,354 |     7. MU     | Score:    1109.71 | Momentum:   -5.86% | Vol:  118.3M | Volatility:   1.6% | Price: $  901.47
2026-08-24 09:35:31,354 |     7. MU     | Score:    1109.71 | Momentum:   -5.86% | Vol:  118.3M | Volatility:   1.6% | Price: $  901.47
2026-08-24 09:35:31,354 |     8. BABA   | Score:    1014.56 | Momentum:   -7.08% | Vol:   88.7M | Volatility:   1.6% | Price: $  118.44
2026-08-24 09:35:31,354 |     8. BABA   | Score:    1014.56 | Momentum:   -7.08% | Vol:   88.7M | Volatility:   1.6% | Price: $  118.44
2026-08-24 09:35:31,354 |     9. CMG    | Score:     897.61 | Momentum:  +11.59% | Vol:   64.2M | Volatility:   1.2% | Price: $   37.61
2026-08-24 09:35:31,354 |     9. CMG    | Score:     897.61 | Momentum:  +11.59% | Vol:   64.2M | Volatility:   1.2% | Price: $   37.61
2026-08-24 09:35:31,354 |    10. FSLY   | Score:     754.39 | Momentum:  -14.93% | Vol:   21.5M | Volatility:   2.3% | Price: $   23.33
2026-08-24 09:35:31,354 |    10. FSLY   | Score:     754.39 | Momentum:  -14.93% | Vol:   21.5M | Volatility:   2.3% | Price: $   23.33
2026-08-24 09:35:31,354 |    11. ARKG   | Score:     485.28 | Momentum:  +11.24% | Vol:   25.6M | Volatility:   1.7% | Price: $   48.19
2026-08-24 09:35:31,354 |    11. ARKG   | Score:     485.28 | Momentum:  +11.24% | Vol:   25.6M | Volatility:   1.7% | Price: $   48.19
2026-08-24 09:35:31,354 |    12. CRWD   | Score:     418.20 | Momentum:   -9.14% | Vol:   30.1M | Volatility:   1.5% | Price: $  191.90
2026-08-24 09:35:31,354 |    12. CRWD   | Score:     418.20 | Momentum:   -9.14% | Vol:   30.1M | Volatility:   1.5% | Price: $  191.90
2026-08-24 09:35:31,354 |    13. LCID   | Score:     347.68 | Momentum:   -9.69% | Vol:   36.2M | Volatility:   1.0% | Price: $    5.41
2026-08-24 09:35:31,354 |    13. LCID   | Score:     347.68 | Momentum:   -9.69% | Vol:   36.2M | Volatility:   1.0% | Price: $    5.41
2026-08-24 09:35:31,354 |    14. AMD    | Score:     335.65 | Momentum:   -4.83% | Vol:   67.3M | Volatility:   1.0% | Price: $  458.32
2026-08-24 09:35:31,354 |    14. AMD    | Score:     335.65 | Momentum:   -4.83% | Vol:   67.3M | Volatility:   1.0% | Price: $  458.32
2026-08-24 09:35:31,354 |    15. GLD    | Score:     304.81 | Momentum:   +6.41% | Vol:   61.8M | Volatility:   0.8% | Price: $  428.90
2026-08-24 09:35:31,354 |    15. GLD    | Score:     304.81 | Momentum:   +6.41% | Vol:   61.8M | Volatility:   0.8% | Price: $  428.90
2026-08-24 09:35:31,355 |    16. EWZ    | Score:     272.36 | Momentum:   +3.61% | Vol:   88.0M | Volatility:   0.9% | Price: $   35.30
2026-08-24 09:35:31,355 |    16. EWZ    | Score:     272.36 | Momentum:   +3.61% | Vol:   88.0M | Volatility:   0.9% | Price: $   35.30
2026-08-24 09:35:31,355 |    17. CRM    | Score:     262.44 | Momentum:   +7.70% | Vol:   40.7M | Volatility:   0.8% | Price: $  211.51
2026-08-24 09:35:31,355 |    17. CRM    | Score:     262.44 | Momentum:   +7.70% | Vol:   40.7M | Volatility:   0.8% | Price: $  211.51
2026-08-24 09:35:31,355 |    18. XPEV   | Score:     207.15 | Momentum:   -4.31% | Vol:   32.8M | Volatility:   1.5% | Price: $   11.31
2026-08-24 09:35:31,355 |    18. XPEV   | Score:     207.15 | Momentum:   -4.31% | Vol:   32.8M | Volatility:   1.5% | Price: $   11.31
2026-08-24 09:35:31,355 |    19. SNAP   | Score:     193.81 | Momentum:   +1.71% | Vol:  114.0M | Volatility:   1.0% | Price: $    5.36
2026-08-24 09:35:31,355 |    19. SNAP   | Score:     193.81 | Momentum:   +1.71% | Vol:  114.0M | Volatility:   1.0% | Price: $    5.36
2026-08-24 09:35:31,355 |    20. CPNG   | Score:     184.84 | Momentum:   +3.47% | Vol:   48.7M | Volatility:   1.1% | Price: $   16.38
2026-08-24 09:35:31,355 |    20. CPNG   | Score:     184.84 | Momentum:   +3.47% | Vol:   48.7M | Volatility:   1.1% | Price: $   16.38
2026-08-24 09:35:31,355 |    ... and 76 more
2026-08-24 09:35:31,355 |    ... and 76 more
2026-08-24 09:35:31,355 | ================================================================================
2026-08-24 09:35:31,355 | ================================================================================
2026-08-24 09:35:31,355 | FILTERING BY MARKET CAP (min: $10.0B, vol: 1.0M)
2026-08-24 09:35:31,355 | FILTERING BY MARKET CAP (min: $10.0B, vol: 1.0M)
2026-08-24 09:35:31,355 | ================================================================================
2026-08-24 09:35:31,355 | ================================================================================
2026-08-24 09:35:32,558 | ✅ [  1/96] INTC   | Cap: $453.78B | Vol:  119.1M | Price: $    0.00
2026-08-24 09:35:32,558 | ✅ [  1/96] INTC   | Cap: $453.78B | Vol:  119.1M | Price: $    0.00
2026-08-24 09:35:33,667 | ✅ [  2/96] COIN   | Cap: $ 49.92B | Vol:    8.5M | Price: $    0.00
2026-08-24 09:35:33,667 | ✅ [  2/96] COIN   | Cap: $ 49.92B | Vol:    8.5M | Price: $    0.00
2026-08-24 09:35:34,645 | ✅ [  3/96] WMT    | Cap: $831.46B | Vol:   24.7M | Price: $    0.00
2026-08-24 09:35:34,645 | ✅ [  3/96] WMT    | Cap: $831.46B | Vol:   24.7M | Price: $    0.00
2026-08-24 09:35:35,539 | ✅ [  4/96] RIVN   | Cap: $ 24.71B | Vol:   32.6M | Price: $    0.00
2026-08-24 09:35:35,539 | ✅ [  4/96] RIVN   | Cap: $ 24.71B | Vol:   32.6M | Price: $    0.00
2026-08-24 09:35:36,415 | ✅ [  5/96] TSLA   | Cap: $1409.26B | Vol:   42.1M | Price: $    0.00
2026-08-24 09:35:36,415 | ✅ [  5/96] TSLA   | Cap: $1409.26B | Vol:   42.1M | Price: $    0.00
2026-08-24 09:35:37,336 | ✅ [  6/96] NVDA   | Cap: $5091.64B | Vol:  140.6M | Price: $    0.00
2026-08-24 09:35:37,336 | ✅ [  6/96] NVDA   | Cap: $5091.64B | Vol:  140.6M | Price: $    0.00
2026-08-24 09:35:38,447 | ✅ [  7/96] MU     | Cap: $1017.15B | Vol:   48.2M | Price: $    0.00
2026-08-24 09:35:38,447 | ✅ [  7/96] MU     | Cap: $1017.15B | Vol:   48.2M | Price: $    0.00
2026-08-24 09:35:39,411 | ✅ [  8/96] BABA   | Cap: $283.91B | Vol:   12.3M | Price: $    0.00
2026-08-24 09:35:39,411 | ✅ [  8/96] BABA   | Cap: $283.91B | Vol:   12.3M | Price: $    0.00
2026-08-24 09:35:40,319 | ✅ [  9/96] CMG    | Cap: $ 47.68B | Vol:   20.1M | Price: $    0.00
2026-08-24 09:35:40,319 | ✅ [  9/96] CMG    | Cap: $ 47.68B | Vol:   20.1M | Price: $    0.00
2026-08-24 09:35:44,311 | ✅ [ 12/96] CRWD   | Cap: $195.50B | Vol:   10.7M | Price: $    0.00
2026-08-24 09:35:44,311 | ✅ [ 12/96] CRWD   | Cap: $195.50B | Vol:   10.7M | Price: $    0.00
2026-08-24 09:35:46,239 | ✅ [ 14/96] AMD    | Cap: $748.00B | Vol:   28.8M | Price: $    0.00
2026-08-24 09:35:46,239 | ✅ [ 14/96] AMD    | Cap: $748.00B | Vol:   28.8M | Price: $    0.00
2026-08-24 09:35:50,941 | ✅ [ 17/96] CRM    | Cap: $173.22B | Vol:   14.9M | Price: $    0.00
2026-08-24 09:35:50,941 | ✅ [ 17/96] CRM    | Cap: $173.22B | Vol:   14.9M | Price: $    0.00
2026-08-24 09:35:51,785 | ✅ [ 18/96] XPEV   | Cap: $ 10.82B | Vol:    7.2M | Price: $    0.00
2026-08-24 09:35:51,785 | ✅ [ 18/96] XPEV   | Cap: $ 10.82B | Vol:    7.2M | Price: $    0.00
2026-08-24 09:35:53,795 | ✅ [ 20/96] CPNG   | Cap: $ 29.45B | Vol:   21.6M | Price: $    0.00
2026-08-24 09:35:53,795 | ✅ [ 20/96] CPNG   | Cap: $ 29.45B | Vol:   21.6M | Price: $    0.00
2026-08-24 09:35:54,843 | ✅ [ 21/96] NFLX   | Cap: $333.78B | Vol:   42.6M | Price: $    0.00
2026-08-24 09:35:54,843 | ✅ [ 21/96] NFLX   | Cap: $333.78B | Vol:   42.6M | Price: $    0.00
2026-08-24 09:35:57,385 | ✅ [ 23/96] PLTR   | Cap: $421.41B | Vol:   43.2M | Price: $    0.00
2026-08-24 09:35:57,385 | ✅ [ 23/96] PLTR   | Cap: $421.41B | Vol:   43.2M | Price: $    0.00
2026-08-24 09:35:58,589 | ✅ [ 24/96] UBER   | Cap: $161.30B | Vol:   20.7M | Price: $    0.00
2026-08-24 09:35:58,589 | ✅ [ 24/96] UBER   | Cap: $161.30B | Vol:   20.7M | Price: $    0.00
2026-08-24 09:35:59,814 | ✅ [ 25/96] F      | Cap: $ 55.39B | Vol:   56.6M | Price: $    0.00
2026-08-24 09:35:59,814 | ✅ [ 25/96] F      | Cap: $ 55.39B | Vol:   56.6M | Price: $    0.00
2026-08-24 09:36:00,749 | ✅ [ 26/96] OKTA   | Cap: $ 22.82B | Vol:    3.6M | Price: $    0.00
2026-08-24 09:36:00,749 | ✅ [ 26/96] OKTA   | Cap: $ 22.82B | Vol:    3.6M | Price: $    0.00
2026-08-24 09:36:02,045 | ✅ [ 27/96] NIO    | Cap: $ 11.18B | Vol:   29.7M | Price: $    0.00
2026-08-24 09:36:02,045 | ✅ [ 27/96] NIO    | Cap: $ 11.18B | Vol:   29.7M | Price: $    0.00
2026-08-24 09:36:02,972 | ✅ [ 28/96] DDOG   | Cap: $ 82.04B | Vol:    5.2M | Price: $    0.00
2026-08-24 09:36:02,972 | ✅ [ 28/96] DDOG   | Cap: $ 82.04B | Vol:    5.2M | Price: $    0.00
2026-08-24 09:36:05,728 | ✅ [ 30/96] AAPL   | Cap: $4569.88B | Vol:   56.4M | Price: $    0.00
2026-08-24 09:36:05,728 | ✅ [ 30/96] AAPL   | Cap: $4569.88B | Vol:   56.4M | Price: $    0.00
2026-08-24 09:36:08,488 | ✅ [ 32/96] KO     | Cap: $397.15B | Vol:   17.6M | Price: $    0.00
2026-08-24 09:36:08,488 | ✅ [ 32/96] KO     | Cap: $397.15B | Vol:   17.6M | Price: $    0.00
2026-08-24 09:36:09,783 | ✅ [ 33/96] BA     | Cap: $165.76B | Vol:    5.9M | Price: $    0.00
2026-08-24 09:36:09,783 | ✅ [ 33/96] BA     | Cap: $165.76B | Vol:    5.9M | Price: $    0.00
2026-08-24 09:36:10,752 | ✅ [ 34/96] T      | Cap: $174.63B | Vol:   62.9M | Price: $    0.00
2026-08-24 09:36:10,752 | ✅ [ 34/96] T      | Cap: $174.63B | Vol:   62.9M | Price: $    0.00
2026-08-24 09:36:13,637 | ✅ [ 36/96] NET    | Cap: $101.77B | Vol:    3.7M | Price: $    0.00
2026-08-24 09:36:13,637 | ✅ [ 36/96] NET    | Cap: $101.77B | Vol:    3.7M | Price: $    0.00
2026-08-24 09:36:14,757 | ✅ [ 37/96] ABNB   | Cap: $113.88B | Vol:    4.2M | Price: $    0.00
2026-08-24 09:36:14,757 | ✅ [ 37/96] ABNB   | Cap: $113.88B | Vol:    4.2M | Price: $    0.00
2026-08-24 09:36:17,711 | ✅ [ 39/96] ADBE   | Cap: $110.11B | Vol:    6.4M | Price: $    0.00
2026-08-24 09:36:17,711 | ✅ [ 39/96] ADBE   | Cap: $110.11B | Vol:    6.4M | Price: $    0.00
2026-08-24 09:36:18,563 | ✅ [ 40/96] RBLX   | Cap: $ 27.69B | Vol:   11.9M | Price: $    0.00
2026-08-24 09:36:18,563 | ✅ [ 40/96] RBLX   | Cap: $ 27.69B | Vol:   11.9M | Price: $    0.00
2026-08-24 09:36:19,474 | ✅ [ 41/96] V      | Cap: $709.88B | Vol:    8.1M | Price: $    0.00
2026-08-24 09:36:19,474 | ✅ [ 41/96] V      | Cap: $709.88B | Vol:    8.1M | Price: $    0.00
2026-08-24 09:36:20,361 | ✅ [ 42/96] INTU   | Cap: $101.28B | Vol:    5.1M | Price: $    0.00
2026-08-24 09:36:20,361 | ✅ [ 42/96] INTU   | Cap: $101.28B | Vol:    5.1M | Price: $    0.00
2026-08-24 09:36:21,547 | ✅ [ 43/96] ABT    | Cap: $202.49B | Vol:   11.9M | Price: $    0.00
2026-08-24 09:36:21,547 | ✅ [ 43/96] ABT    | Cap: $202.49B | Vol:   11.9M | Price: $    0.00
2026-08-24 09:36:27,495 | ✅ [ 47/96] VZ     | Cap: $206.49B | Vol:   27.0M | Price: $    0.00
2026-08-24 09:36:27,495 | ✅ [ 47/96] VZ     | Cap: $206.49B | Vol:   27.0M | Price: $    0.00
2026-08-24 09:36:28,602 | ✅ [ 48/96] GM     | Cap: $ 78.32B | Vol:    7.5M | Price: $    0.00
2026-08-24 09:36:28,602 | ✅ [ 48/96] GM     | Cap: $ 78.32B | Vol:    7.5M | Price: $    0.00
2026-08-24 09:36:31,456 | ✅ [ 50/96] DASH   | Cap: $ 99.45B | Vol:    4.6M | Price: $    0.00
2026-08-24 09:36:31,456 | ✅ [ 50/96] DASH   | Cap: $ 99.45B | Vol:    4.6M | Price: $    0.00
2026-08-24 09:36:32,689 | ✅ [ 51/96] PG     | Cap: $340.53B | Vol:    9.2M | Price: $    0.00
2026-08-24 09:36:32,689 | ✅ [ 51/96] PG     | Cap: $340.53B | Vol:    9.2M | Price: $    0.00
2026-08-24 09:36:33,562 | ✅ [ 52/96] PDD    | Cap: $125.98B | Vol:    8.6M | Price: $    0.00
2026-08-24 09:36:33,562 | ✅ [ 52/96] PDD    | Cap: $125.98B | Vol:    8.6M | Price: $    0.00
2026-08-24 09:36:34,529 | ✅ [ 53/96] GOOGL  | Cap: $4264.21B | Vol:   32.0M | Price: $    0.00
2026-08-24 09:36:34,529 | ✅ [ 53/96] GOOGL  | Cap: $4264.21B | Vol:   32.0M | Price: $    0.00
2026-08-24 09:36:36,437 | ✅ [ 55/96] BKNG   | Cap: $160.73B | Vol:    7.0M | Price: $    0.00
2026-08-24 09:36:36,437 | ✅ [ 55/96] BKNG   | Cap: $160.73B | Vol:    7.0M | Price: $    0.00
2026-08-24 09:36:39,435 | ✅ [ 57/96] MSFT   | Cap: $3613.98B | Vol:   39.6M | Price: $    0.00
2026-08-24 09:36:39,435 | ✅ [ 57/96] MSFT   | Cap: $3613.98B | Vol:   39.6M | Price: $    0.00
2026-08-24 09:36:40,361 | ✅ [ 58/96] JD     | Cap: $ 39.43B | Vol:    8.6M | Price: $    0.00
2026-08-24 09:36:40,361 | ✅ [ 58/96] JD     | Cap: $ 39.43B | Vol:    8.6M | Price: $    0.00
2026-08-24 09:36:43,102 | ✅ [ 60/96] LLY    | Cap: $1102.94B | Vol:    3.0M | Price: $    0.00
2026-08-24 09:36:43,102 | ✅ [ 60/96] LLY    | Cap: $1102.94B | Vol:    3.0M | Price: $    0.00
2026-08-24 09:36:44,245 | ✅ [ 61/96] PYPL   | Cap: $ 53.06B | Vol:   15.9M | Price: $    0.00
2026-08-24 09:36:44,245 | ✅ [ 61/96] PYPL   | Cap: $ 53.06B | Vol:   15.9M | Price: $    0.00
2026-08-24 09:36:56,863 | ✅ [ 68/96] SNOW   | Cap: $114.11B | Vol:    7.1M | Price: $    0.00
2026-08-24 09:36:56,863 | ✅ [ 68/96] SNOW   | Cap: $114.11B | Vol:    7.1M | Price: $    0.00
2026-08-24 09:36:57,994 | ✅ [ 69/96] SBUX   | Cap: $121.11B | Vol:    7.5M | Price: $    0.00
2026-08-24 09:36:57,994 | ✅ [ 69/96] SBUX   | Cap: $121.11B | Vol:    7.5M | Price: $    0.00
2026-08-24 09:36:58,928 | ✅ [ 70/96] CSCO   | Cap: $435.17B | Vol:   23.9M | Price: $    0.00
2026-08-24 09:36:58,928 | ✅ [ 70/96] CSCO   | Cap: $435.17B | Vol:   23.9M | Price: $    0.00
2026-08-24 09:37:00,264 | ✅ [ 71/96] PINS   | Cap: $ 13.29B | Vol:   15.1M | Price: $    0.00
2026-08-24 09:37:00,264 | ✅ [ 71/96] PINS   | Cap: $ 13.29B | Vol:   15.1M | Price: $    0.00
2026-08-24 09:37:01,491 | ✅ [ 72/96] META   | Cap: $1403.00B | Vol:   18.5M | Price: $    0.00
2026-08-24 09:37:01,491 | ✅ [ 72/96] META   | Cap: $1403.00B | Vol:   18.5M | Price: $    0.00
2026-08-24 09:37:02,690 | ✅ [ 73/96] QCOM   | Cap: $165.08B | Vol:   16.8M | Price: $    0.00
2026-08-24 09:37:02,690 | ✅ [ 73/96] QCOM   | Cap: $165.08B | Vol:   16.8M | Price: $    0.00
2026-08-24 09:37:03,710 | ✅ [ 74/96] AXP    | Cap: $231.55B | Vol:    3.0M | Price: $    0.00
2026-08-24 09:37:03,710 | ✅ [ 74/96] AXP    | Cap: $231.55B | Vol:    3.0M | Price: $    0.00
2026-08-24 09:37:06,367 | ✅ [ 76/96] AMZN   | Cap: $2822.40B | Vol:   49.7M | Price: $    0.00
2026-08-24 09:37:06,367 | ✅ [ 76/96] AMZN   | Cap: $2822.40B | Vol:   49.7M | Price: $    0.00
2026-08-24 09:37:07,360 | ✅ [ 77/96] JNJ    | Cap: $652.83B | Vol:    8.0M | Price: $    0.00
2026-08-24 09:37:07,360 | ✅ [ 77/96] JNJ    | Cap: $652.83B | Vol:    8.0M | Price: $    0.00
2026-08-24 09:37:10,154 | ✅ [ 79/96] SHOP   | Cap: $193.59B | Vol:    9.4M | Price: $    0.00
2026-08-24 09:37:10,154 | ✅ [ 79/96] SHOP   | Cap: $193.59B | Vol:    9.4M | Price: $    0.00
2026-08-24 09:37:11,100 | ✅ [ 80/96] MCD    | Cap: $192.37B | Vol:    4.6M | Price: $    0.00
2026-08-24 09:37:11,100 | ✅ [ 80/96] MCD    | Cap: $192.37B | Vol:    4.6M | Price: $    0.00
2026-08-24 09:37:14,539 | ✅ [ 82/96] JPM    | Cap: $949.32B | Vol:    8.8M | Price: $    0.00
2026-08-24 09:37:14,539 | ✅ [ 82/96] JPM    | Cap: $949.32B | Vol:    8.8M | Price: $    0.00
2026-08-24 09:37:15,410 | ✅ [ 83/96] U      | Cap: $ 20.40B | Vol:    9.6M | Price: $    0.00
2026-08-24 09:37:15,410 | ✅ [ 83/96] U      | Cap: $ 20.40B | Vol:    9.6M | Price: $    0.00
2026-08-24 09:37:19,151 | ✅ [ 85/96] IBM    | Cap: $218.82B | Vol:   10.8M | Price: $    0.00
2026-08-24 09:37:19,151 | ✅ [ 85/96] IBM    | Cap: $218.82B | Vol:   10.8M | Price: $    0.00
2026-08-24 09:37:24,238 | ✅ [ 88/96] CVX    | Cap: $400.17B | Vol:    8.7M | Price: $    0.00
2026-08-24 09:37:24,238 | ✅ [ 88/96] CVX    | Cap: $400.17B | Vol:    8.7M | Price: $    0.00
2026-08-24 09:37:25,104 | ✅ [ 89/96] ZM     | Cap: $ 31.14B | Vol:    3.7M | Price: $    0.00
2026-08-24 09:37:25,104 | ✅ [ 89/96] ZM     | Cap: $ 31.14B | Vol:    3.7M | Price: $    0.00
2026-08-24 09:37:26,361 | ✅ [ 90/96] XOM    | Cap: $674.85B | Vol:   15.8M | Price: $    0.00
2026-08-24 09:37:26,361 | ✅ [ 90/96] XOM    | Cap: $674.85B | Vol:   15.8M | Price: $    0.00
2026-08-24 09:37:36,585 | ✅ [ 92/96] BRK-B  | Cap: $1075.17B | Vol:    4.8M | Price: $    0.00
2026-08-24 09:37:36,585 | ✅ [ 92/96] BRK-B  | Cap: $1075.17B | Vol:    4.8M | Price: $    0.00
2026-08-24 09:37:44,384 | ================================================================================
2026-08-24 09:37:44,384 | ================================================================================
2026-08-24 09:37:44,385 | ✅ FILTERED: 96 → 61 symbols
2026-08-24 09:37:44,385 | ✅ FILTERED: 96 → 61 symbols
2026-08-24 09:37:44,385 |    Passed: 61 | Skipped: 35
2026-08-24 09:37:44,385 |    Passed: 61 | Skipped: 35
2026-08-24 09:37:44,385 | ================================================================================
2026-08-24 09:37:44,385 | ================================================================================
2026-08-24 09:37:44,385 | ✅ Ready to scan 50 liquid, established equities

2026-08-24 09:37:44,385 | ✅ Ready to scan 50 liquid, established equities

2026-08-24 09:37:44,385 | ================================================================================

2026-08-24 09:37:44,385 | ================================================================================

2026-08-24 09:37:44,385 | ================================================================================
2026-08-24 09:37:44,385 | ================================================================================
2026-08-24 09:37:44,385 | CYCLE | 2026-08-24 09:37:44 | PRODUCTION BOT
2026-08-24 09:37:44,385 | CYCLE | 2026-08-24 09:37:44 | PRODUCTION BOT
2026-08-24 09:37:44,385 | Scanning 50 symbols
2026-08-24 09:37:44,385 | Scanning 50 symbols
2026-08-24 09:37:44,386 | ================================================================================
2026-08-24 09:37:44,386 | ================================================================================
2026-08-24 09:38:01,654 | 📋 Scanned 50 | Found 0 signals
2026-08-24 09:38:01,654 | 📋 Scanned 50 | Found 0 signals
2026-08-24 09:38:01,654 | ================================================================================

2026-08-24 09:38:01,654 | ================================================================================

2026-08-24 09:38:01,658 | [*] MCP subprocess terminated
2026-08-24 09:38:01,658 | [*] MCP subprocess terminated
2026-08-24 10:29:31,509 | [+] MCP subprocess started (unbuffered)
2026-08-24 10:29:31,682 | ✅ MCP initialized
2026-08-24 10:29:31,682 | ================================================================================
2026-08-24 10:29:31,682 | FETCHING SYMBOLS
2026-08-24 10:29:31,682 | ================================================================================
2026-08-24 10:29:31,682 | ================================================================================
2026-08-24 10:29:31,682 | FETCHING TOP TRENDING SYMBOLS FROM YFINANCE
2026-08-24 10:29:31,682 | ================================================================================
2026-08-24 10:29:31,682 | [*] Fetching top 100 trending symbols from yfinance...
2026-08-24 10:29:31,682 |     Analyzing 100 popular stocks...
2026-08-24 10:29:33,308 |     Progress: 10/100
2026-08-24 10:29:33,780 |     Progress: 20/100
2026-08-24 10:29:34,099 |     Progress: 30/100
2026-08-24 10:29:34,401 |     Progress: 40/100
2026-08-24 10:29:34,962 |     Progress: 50/100
2026-08-24 10:29:35,635 |     Progress: 60/100
2026-08-24 10:29:36,159 |     Progress: 70/100
2026-08-24 10:29:36,644 | HTTP Error 404: {"quoteSummary":{"result":null,"error":{"code":"Not Found","description":"Quote not found for symbol: GRUBHUB"}}}
2026-08-24 10:29:36,785 |     Progress: 80/100
2026-08-24 10:29:37,305 |     Progress: 90/100
2026-08-24 10:29:37,595 | $SQ: possibly delisted; no price data found  (period=5d) (Yahoo error = "No data found, symbol may be delisted")
2026-08-24 10:29:38,162 | $GRUBHUB: possibly delisted; no price data found  (period=5d) (Yahoo error = "No data found, symbol may be delisted")
2026-08-24 10:29:39,225 | $ARKS: possibly delisted; no price data found  (period=5d) (Yahoo error = "No data found, symbol may be delisted")
2026-08-24 10:29:39,243 | $RSX: possibly delisted; no price data found  (period=5d) (Yahoo error = "No data found, symbol may be delisted")
2026-08-24 10:29:39,243 |     Progress: 100/100
2026-08-24 10:29:39,261 | ✅ Found 96 trending symbols from yfinance
2026-08-24 10:29:39,261 | 
📊 TOP 20 TRENDING:
2026-08-24 10:29:39,261 |     1. INTC   | Score:    6292.48 | Momentum:  -10.97% | Vol:  428.4M | Volatility:   1.3% | Price: $   86.75
2026-08-24 10:29:39,261 |     2. COIN   | Score:    3821.26 | Momentum:  +24.96% | Vol:   62.6M | Volatility:   2.4% | Price: $  187.52
2026-08-24 10:29:39,262 |     3. WMT    | Score:    2944.93 | Momentum:   -9.23% | Vol:  175.1M | Volatility:   1.8% | Price: $  104.78
2026-08-24 10:29:39,262 |     4. RIVN   | Score:    1664.39 | Momentum:  +16.27% | Vol:   98.7M | Volatility:   1.0% | Price: $   16.93
2026-08-24 10:29:39,262 |     5. TSLA   | Score:    1613.79 | Momentum:   +6.22% | Vol:  212.3M | Volatility:   1.2% | Price: $  357.80
2026-08-24 10:29:39,262 |     6. NVDA   | Score:    1428.23 | Momentum:   -4.60% | Vol:  528.8M | Volatility:   0.6% | Price: $  209.85
2026-08-24 10:29:39,262 |     7. MU     | Score:    1157.11 | Momentum:   -5.97% | Vol:  121.3M | Volatility:   1.6% | Price: $  900.45
2026-08-24 10:29:39,262 |     8. CMG    | Score:    1072.86 | Momentum:  +13.01% | Vol:   67.4M | Volatility:   1.2% | Price: $   38.09
2026-08-24 10:29:39,262 |     9. BABA   | Score:     977.96 | Momentum:   -6.42% | Vol:   93.1M | Volatility:   1.6% | Price: $  119.27
2026-08-24 10:29:39,262 |    10. FSLY   | Score:     750.62 | Momentum:  -14.64% | Vol:   21.8M | Volatility:   2.4% | Price: $   23.41
2026-08-24 10:29:39,262 |    11. ARKG   | Score:     461.98 | Momentum:  +10.36% | Vol:   26.3M | Volatility:   1.7% | Price: $   47.81
2026-08-24 10:29:39,262 |    12. CRWD   | Score:     451.21 | Momentum:   -9.73% | Vol:   30.7M | Volatility:   1.5% | Price: $  190.65
2026-08-24 10:29:39,262 |    13. LCID   | Score:     433.01 | Momentum:  -11.28% | Vol:   37.2M | Volatility:   1.0% | Price: $    5.31
2026-08-24 10:29:39,263 |    14. SNAP   | Score:     430.41 | Momentum:   +3.51% | Vol:  120.1M | Volatility:   1.0% | Price: $    5.46
2026-08-24 10:29:39,263 |    15. AMD    | Score:     388.03 | Momentum:   -4.73% | Vol:   79.2M | Volatility:   1.0% | Price: $  458.80
2026-08-24 10:29:39,263 |    16. PLTR   | Score:     355.39 | Momentum:   +2.59% | Vol:  122.4M | Volatility:   1.1% | Price: $  177.71
2026-08-24 10:29:39,263 |    17. EWZ    | Score:     338.46 | Momentum:   +4.31% | Vol:   90.1M | Volatility:   0.9% | Price: $   35.54
2026-08-24 10:29:39,263 |    18. GLD    | Score:     318.56 | Momentum:   +6.46% | Vol:   64.1M | Volatility:   0.8% | Price: $  429.09
2026-08-24 10:29:39,263 |    19. CRM    | Score:     247.34 | Momentum:   +6.99% | Vol:   41.6M | Volatility:   0.9% | Price: $  210.12
2026-08-24 10:29:39,263 |    20. CPNG   | Score:     237.40 | Momentum:   +4.39% | Vol:   49.4M | Volatility:   1.1% | Price: $   16.52
2026-08-24 10:29:39,263 |    ... and 76 more
2026-08-24 10:29:39,264 | ================================================================================
2026-08-24 10:29:39,264 | FILTERING BY MARKET CAP (min: $10.0B, vol: 1.0M)
2026-08-24 10:29:39,264 | ================================================================================
2026-08-24 10:29:40,659 | ✅ [  1/96] INTC   | Cap: $455.28B | Vol:  119.1M | Price: $    0.00
2026-08-24 10:29:41,569 | ✅ [  2/96] COIN   | Cap: $ 49.47B | Vol:    8.5M | Price: $    0.00
2026-08-24 10:29:42,542 | ✅ [  3/96] WMT    | Cap: $833.57B | Vol:   24.7M | Price: $    0.00
2026-08-24 10:29:43,461 | ✅ [  4/96] RIVN   | Cap: $ 24.51B | Vol:   32.6M | Price: $    0.00
2026-08-24 10:29:44,687 | ✅ [  5/96] TSLA   | Cap: $1412.24B | Vol:   42.1M | Price: $    0.00
2026-08-24 10:29:45,630 | ✅ [  6/96] NVDA   | Cap: $5082.53B | Vol:  140.6M | Price: $    0.00
2026-08-24 10:29:46,568 | ✅ [  7/96] MU     | Cap: $1015.64B | Vol:   48.2M | Price: $    0.00
2026-08-24 10:29:47,719 | ✅ [  8/96] CMG    | Cap: $ 48.27B | Vol:   20.1M | Price: $    0.00
2026-08-24 10:29:48,661 | ✅ [  9/96] BABA   | Cap: $285.58B | Vol:   12.3M | Price: $    0.00
2026-08-24 10:29:52,563 | ✅ [ 12/96] CRWD   | Cap: $194.04B | Vol:   10.7M | Price: $    0.00
2026-08-24 10:29:55,230 | ✅ [ 15/96] AMD    | Cap: $748.86B | Vol:   28.8M | Price: $    0.00
2026-08-24 10:29:56,266 | ✅ [ 16/96] PLTR   | Cap: $426.81B | Vol:   43.2M | Price: $    0.00
2026-08-24 10:30:01,168 | ✅ [ 19/96] CRM    | Cap: $172.07B | Vol:   14.9M | Price: $    0.00
2026-08-24 10:30:02,060 | ✅ [ 20/96] CPNG   | Cap: $ 29.70B | Vol:   21.6M | Price: $    0.00
2026-08-24 10:30:03,202 | ✅ [ 21/96] XPEV   | Cap: $ 10.86B | Vol:    7.2M | Price: $    0.00
2026-08-24 10:30:04,317 | ✅ [ 22/96] NFLX   | Cap: $333.91B | Vol:   42.6M | Price: $    0.00
2026-08-24 10:30:05,285 | ✅ [ 23/96] F      | Cap: $ 55.15B | Vol:   56.6M | Price: $    0.00
2026-08-24 10:30:08,648 | ✅ [ 25/96] NIO    | Cap: $ 11.09B | Vol:   29.7M | Price: $    0.00
2026-08-24 10:30:09,498 | ✅ [ 26/96] UBER   | Cap: $161.83B | Vol:   20.7M | Price: $    0.00
2026-08-24 10:30:10,547 | ✅ [ 27/96] RBLX   | Cap: $ 28.26B | Vol:   11.9M | Price: $    0.00
2026-08-24 10:30:13,199 | ✅ [ 29/96] OKTA   | Cap: $ 22.60B | Vol:    3.6M | Price: $    0.00
2026-08-24 10:30:14,171 | ✅ [ 30/96] T      | Cap: $175.73B | Vol:   62.9M | Price: $    0.00
2026-08-24 10:30:15,217 | ✅ [ 31/96] KO     | Cap: $395.55B | Vol:   17.6M | Price: $    0.00
2026-08-24 10:30:16,293 | ✅ [ 32/96] DDOG   | Cap: $ 82.31B | Vol:    5.2M | Price: $    0.00
2026-08-24 10:30:19,115 | ✅ [ 34/96] AAPL   | Cap: $4556.89B | Vol:   56.4M | Price: $    0.00
2026-08-24 10:30:20,127 | ✅ [ 35/96] BA     | Cap: $165.49B | Vol:    5.9M | Price: $    0.00
2026-08-24 10:30:21,041 | ✅ [ 36/96] NET    | Cap: $101.05B | Vol:    3.7M | Price: $    0.00
2026-08-24 10:30:24,039 | ✅ [ 38/96] GOOGL  | Cap: $4292.46B | Vol:   32.0M | Price: $    0.00
2026-08-24 10:30:26,912 | ✅ [ 40/96] V      | Cap: $712.09B | Vol:    8.1M | Price: $    0.00
2026-08-24 10:30:27,823 | ✅ [ 41/96] ABNB   | Cap: $113.64B | Vol:    4.2M | Price: $    0.00
2026-08-24 10:30:28,912 | ✅ [ 42/96] ADBE   | Cap: $110.20B | Vol:    6.4M | Price: $    0.00
2026-08-24 10:30:29,828 | ✅ [ 43/96] VZ     | Cap: $207.70B | Vol:   27.0M | Price: $    0.00
2026-08-24 10:30:30,857 | ✅ [ 44/96] INTU   | Cap: $101.05B | Vol:    5.1M | Price: $    0.00
2026-08-24 10:30:33,612 | ✅ [ 46/96] ABT    | Cap: $201.78B | Vol:   11.9M | Price: $    0.00
2026-08-24 10:30:37,855 | ✅ [ 49/96] DASH   | Cap: $ 99.83B | Vol:    4.6M | Price: $    0.00
2026-08-24 10:30:40,589 | ✅ [ 51/96] META   | Cap: $1416.57B | Vol:   18.5M | Price: $    0.00
2026-08-24 10:30:41,799 | ✅ [ 52/96] MSFT   | Cap: $3631.50B | Vol:   39.6M | Price: $    0.00
2026-08-24 10:30:42,652 | ✅ [ 53/96] AMZN   | Cap: $2833.46B | Vol:   49.7M | Price: $    0.00
2026-08-24 10:30:45,459 | ✅ [ 55/96] PG     | Cap: $339.93B | Vol:    9.2M | Price: $    0.00
2026-08-24 10:30:46,340 | ✅ [ 56/96] GM     | Cap: $ 77.73B | Vol:    7.5M | Price: $    0.00
2026-08-24 10:30:47,691 | ✅ [ 57/96] BKNG   | Cap: $161.29B | Vol:    7.0M | Price: $    0.00
2026-08-24 10:30:53,182 | ✅ [ 61/96] LLY    | Cap: $1104.03B | Vol:    3.0M | Price: $    0.00
2026-08-24 10:30:54,323 | ✅ [ 62/96] PYPL   | Cap: $ 53.08B | Vol:   15.9M | Price: $    0.00
2026-08-24 10:30:55,463 | ✅ [ 63/96] JD     | Cap: $ 39.41B | Vol:    8.6M | Price: $    0.00
2026-08-24 10:30:56,477 | ✅ [ 64/96] XOM    | Cap: $669.01B | Vol:   15.8M | Price: $    0.00
2026-08-24 10:35:09,276 | [+] MCP subprocess started (unbuffered)
2026-08-24 10:35:09,445 | ✅ MCP initialized
2026-08-24 10:35:09,445 | ================================================================================
2026-08-24 10:35:09,445 | FETCHING SYMBOLS
2026-08-24 10:35:09,445 | ================================================================================
2026-08-24 10:35:09,445 | ================================================================================
2026-08-24 10:35:09,445 | FETCHING TOP TRENDING SYMBOLS FROM YFINANCE
2026-08-24 10:35:09,445 | ================================================================================
2026-08-24 10:35:09,445 | [*] Fetching top 100 trending symbols from yfinance...
2026-08-24 10:35:09,445 |     Analyzing 100 popular stocks...
2026-08-24 10:35:11,068 |     Progress: 10/100
2026-08-24 10:35:11,402 |     Progress: 20/100
2026-08-24 10:35:11,821 |     Progress: 30/100
2026-08-24 10:35:12,184 |     Progress: 40/100
2026-08-24 10:35:12,631 |     Progress: 50/100
2026-08-24 10:35:13,312 |     Progress: 60/100
2026-08-24 10:35:13,947 | HTTP Error 404: {"quoteSummary":{"result":null,"error":{"code":"Not Found","description":"Quote not found for symbol: GRUBHUB"}}}
2026-08-24 10:35:14,052 |     Progress: 70/100
2026-08-24 10:35:14,457 |     Progress: 80/100
2026-08-24 10:35:14,830 |     Progress: 90/100
2026-08-24 10:35:15,001 | $SQ: possibly delisted; no price data found  (period=5d) (Yahoo error = "No data found, symbol may be delisted")
2026-08-24 10:35:15,513 | $GRUBHUB: possibly delisted; no price data found  (period=5d) (Yahoo error = "No data found, symbol may be delisted")
2026-08-24 10:35:16,574 | $ARKS: possibly delisted; no price data found  (period=5d) (Yahoo error = "No data found, symbol may be delisted")
2026-08-24 10:35:16,593 | $RSX: possibly delisted; no price data found  (period=5d) (Yahoo error = "No data found, symbol may be delisted")
2026-08-24 10:35:16,594 |     Progress: 100/100
2026-08-24 10:35:16,602 | ✅ Found 96 trending symbols from yfinance
2026-08-24 10:35:16,602 | 
📊 TOP 20 TRENDING:
2026-08-24 10:35:16,602 |     1. INTC   | Score:    6274.55 | Momentum:  -11.12% | Vol:  429.7M | Volatility:   1.3% | Price: $   86.61
2026-08-24 10:35:16,602 |     2. COIN   | Score:    3719.94 | Momentum:  +24.61% | Vol:   62.7M | Volatility:   2.4% | Price: $  187.00
2026-08-24 10:35:16,602 |     3. WMT    | Score:    2882.20 | Momentum:   -9.17% | Vol:  175.5M | Volatility:   1.8% | Price: $  104.85
2026-08-24 10:35:16,602 |     4. RIVN   | Score:    1628.45 | Momentum:  +16.03% | Vol:   98.9M | Volatility:   1.0% | Price: $   16.90
2026-08-24 10:35:16,602 |     5. NVDA   | Score:    1522.85 | Momentum:   -4.54% | Vol:  579.7M | Volatility:   0.6% | Price: $  209.98
2026-08-24 10:35:16,602 |     6. TSLA   | Score:    1499.19 | Momentum:   +5.86% | Vol:  212.7M | Volatility:   1.2% | Price: $  356.61
2026-08-24 10:35:16,602 |     7. MU     | Score:    1117.66 | Momentum:   -5.85% | Vol:  121.7M | Volatility:   1.6% | Price: $  901.58
2026-08-24 10:35:16,602 |     8. CMG    | Score:    1035.28 | Momentum:  +12.64% | Vol:   67.8M | Volatility:   1.2% | Price: $   37.97
2026-08-24 10:35:16,602 |     9. BABA   | Score:     989.25 | Momentum:   -6.62% | Vol:   93.4M | Volatility:   1.6% | Price: $  119.02
2026-08-24 10:35:16,602 |    10. FSLY   | Score:     732.24 | Momentum:  -14.49% | Vol:   21.8M | Volatility:   2.3% | Price: $   23.45
2026-08-24 10:35:16,602 |    11. ARKG   | Score:     461.06 | Momentum:  +10.51% | Vol:   26.4M | Volatility:   1.7% | Price: $   47.88
2026-08-24 10:35:16,602 |    12. LCID   | Score:     443.25 | Momentum:  -11.70% | Vol:   37.4M | Volatility:   1.0% | Price: $    5.28
2026-08-24 10:35:16,602 |    13. CRWD   | Score:     432.80 | Momentum:   -9.45% | Vol:   30.8M | Volatility:   1.5% | Price: $  191.24
2026-08-24 10:35:16,602 |    14. SNAP   | Score:     401.49 | Momentum:   +3.32% | Vol:  121.0M | Volatility:   1.0% | Price: $    5.45
2026-08-24 10:35:16,602 |    15. AMD    | Score:     374.56 | Momentum:   -4.63% | Vol:   79.5M | Volatility:   1.0% | Price: $  459.30
2026-08-24 10:35:16,603 |    16. GLD    | Score:     359.27 | Momentum:   +6.30% | Vol:   75.2M | Volatility:   0.8% | Price: $  428.46
2026-08-24 10:35:16,603 |    17. PLTR   | Score:     328.81 | Momentum:   +2.44% | Vol:  122.7M | Volatility:   1.1% | Price: $  177.45
2026-08-24 10:35:16,603 |    18. EWZ    | Score:     310.92 | Momentum:   +4.01% | Vol:   90.5M | Volatility:   0.9% | Price: $   35.44
2026-08-24 10:35:16,603 |    19. CRM    | Score:     233.16 | Momentum:   +6.63% | Vol:   41.7M | Volatility:   0.8% | Price: $  209.42
2026-08-24 10:35:16,603 |    20. CPNG   | Score:     230.89 | Momentum:   +4.33% | Vol:   49.5M | Volatility:   1.1% | Price: $   16.51
2026-08-24 10:35:16,603 |    ... and 76 more
2026-08-24 10:35:16,603 | ================================================================================
2026-08-24 10:35:16,603 | FILTERING BY MARKET CAP (min: $10.0B, vol: 1.0M)
2026-08-24 10:35:16,603 | ================================================================================
2026-08-24 10:35:17,861 | ✅ [  1/96] INTC   | Cap: $454.99B | Vol:  119.1M | Price: $    0.00
2026-08-24 10:35:18,938 | ✅ [  2/96] COIN   | Cap: $ 49.33B | Vol:    8.5M | Price: $    0.00
2026-08-24 10:35:20,211 | ✅ [  3/96] WMT    | Cap: $834.40B | Vol:   24.7M | Price: $    0.00
2026-08-24 10:35:21,263 | ✅ [  4/96] RIVN   | Cap: $ 24.46B | Vol:   32.6M | Price: $    0.00
2026-08-24 10:35:22,117 | ✅ [  5/96] NVDA   | Cap: $5085.95B | Vol:  140.6M | Price: $    0.00
2026-08-24 10:35:23,242 | ✅ [  6/96] TSLA   | Cap: $1408.13B | Vol:   42.1M | Price: $    0.00
2026-08-24 10:35:24,250 | ✅ [  7/96] MU     | Cap: $1018.71B | Vol:   48.2M | Price: $    0.00
2026-08-24 10:35:25,124 | ✅ [  8/96] CMG    | Cap: $ 48.13B | Vol:   20.1M | Price: $    0.00
2026-08-24 10:35:26,288 | ✅ [  9/96] BABA   | Cap: $285.32B | Vol:   12.3M | Price: $    0.00
2026-08-24 10:35:31,602 | ✅ [ 13/96] CRWD   | Cap: $194.78B | Vol:   10.7M | Price: $    0.00
2026-08-24 10:35:33,466 | ✅ [ 15/96] AMD    | Cap: $750.19B | Vol:   28.8M | Price: $    0.00
2026-08-24 10:35:36,091 | ✅ [ 17/96] PLTR   | Cap: $426.54B | Vol:   43.2M | Price: $    0.00
2026-08-24 10:35:39,407 | ✅ [ 19/96] CRM    | Cap: $171.41B | Vol:   14.9M | Price: $    0.00
2026-08-24 10:35:40,374 | ✅ [ 20/96] CPNG   | Cap: $ 29.69B | Vol:   21.6M | Price: $    0.00
2026-08-24 10:35:41,264 | ✅ [ 21/96] XPEV   | Cap: $ 10.85B | Vol:    7.2M | Price: $    0.00
2026-08-24 10:35:42,289 | ✅ [ 22/96] F      | Cap: $ 55.14B | Vol:   56.6M | Price: $    0.00
2026-08-24 10:35:43,639 | ✅ [ 23/96] NFLX   | Cap: $333.70B | Vol:   42.6M | Price: $    0.00
2026-08-24 10:35:44,573 | ✅ [ 24/96] NIO    | Cap: $ 11.06B | Vol:   29.7M | Price: $    0.00
2026-08-24 10:35:47,293 | ✅ [ 26/96] UBER   | Cap: $161.55B | Vol:   20.7M | Price: $    0.00
2026-08-24 10:35:48,459 | ✅ [ 27/96] RBLX   | Cap: $ 28.18B | Vol:   11.9M | Price: $    0.00
2026-08-24 10:35:51,545 | ✅ [ 29/96] T      | Cap: $175.87B | Vol:   62.9M | Price: $    0.00
2026-08-24 10:35:52,676 | ✅ [ 30/96] OKTA   | Cap: $ 22.61B | Vol:    3.6M | Price: $    0.00
2026-08-24 10:35:53,853 | ✅ [ 31/96] KO     | Cap: $395.73B | Vol:   17.6M | Price: $    0.00
2026-08-24 10:35:57,105 | ✅ [ 33/96] DDOG   | Cap: $ 82.26B | Vol:    5.2M | Price: $    0.00
2026-08-24 10:35:58,349 | ✅ [ 34/96] BA     | Cap: $165.29B | Vol:    5.9M | Price: $    0.00
2026-08-24 10:35:59,283 | ✅ [ 35/96] NET    | Cap: $101.18B | Vol:    3.7M | Price: $    0.00
2026-08-24 10:36:02,032 | ✅ [ 37/96] AAPL   | Cap: $4550.17B | Vol:   56.4M | Price: $    0.00
2026-08-24 10:36:02,960 | ✅ [ 38/96] GOOGL  | Cap: $4289.96B | Vol:   32.0M | Price: $    0.00
2026-08-24 10:36:03,988 | ✅ [ 39/96] ABNB   | Cap: $113.82B | Vol:    4.2M | Price: $    0.00
2026-08-24 10:36:04,924 | ✅ [ 40/96] V      | Cap: $711.96B | Vol:    8.1M | Price: $    0.00
2026-08-24 10:36:07,840 | ✅ [ 42/96] VZ     | Cap: $207.86B | Vol:   27.0M | Price: $    0.00
2026-08-24 10:36:08,765 | ✅ [ 43/96] ADBE   | Cap: $109.88B | Vol:    6.4M | Price: $    0.00
2026-08-24 10:36:11,760 | ✅ [ 45/96] INTU   | Cap: $100.97B | Vol:    5.1M | Price: $    0.00
2026-08-24 10:36:12,792 | ✅ [ 46/96] ABT    | Cap: $201.62B | Vol:   11.9M | Price: $    0.00
2026-08-24 10:36:17,400 | ✅ [ 49/96] DASH   | Cap: $ 99.86B | Vol:    4.6M | Price: $    0.00
2026-08-24 10:36:19,761 | ✅ [ 51/96] MSFT   | Cap: $3627.97B | Vol:   39.6M | Price: $    0.00
2026-08-24 10:36:21,143 | ✅ [ 52/96] META   | Cap: $1414.02B | Vol:   18.5M | Price: $    0.00
2026-08-24 10:36:22,249 | ✅ [ 53/96] GM     | Cap: $ 78.05B | Vol:    7.5M | Price: $    0.00
2026-08-24 10:36:23,246 | ✅ [ 54/96] PG     | Cap: $340.08B | Vol:    9.2M | Price: $    0.00
2026-08-24 10:36:24,140 | ✅ [ 55/96] AMZN   | Cap: $2829.14B | Vol:   49.7M | Price: $    0.00
2026-08-24 10:36:26,924 | ✅ [ 57/96] BKNG   | Cap: $161.17B | Vol:    7.0M | Price: $    0.00
2026-08-24 10:36:30,909 | ✅ [ 60/96] LLY    | Cap: $1106.67B | Vol:    3.0M | Price: $    0.00
2026-08-24 10:36:33,751 | ✅ [ 62/96] PYPL   | Cap: $ 53.05B | Vol:   15.9M | Price: $    0.00
2026-08-24 10:36:34,606 | ✅ [ 63/96] JD     | Cap: $ 39.36B | Vol:    8.6M | Price: $    0.00
2026-08-24 10:36:35,593 | ✅ [ 64/96] XOM    | Cap: $668.31B | Vol:   15.8M | Price: $    0.00
2026-08-24 10:36:36,636 | ✅ [ 65/96] JNJ    | Cap: $658.01B | Vol:    8.0M | Price: $    0.00
2026-08-24 10:36:37,542 | ✅ [ 66/96] U      | Cap: $ 20.46B | Vol:    9.6M | Price: $    0.00
2026-08-24 10:36:48,307 | ✅ [ 72/96] CVX    | Cap: $395.99B | Vol:    8.7M | Price: $    0.00
2026-08-24 10:36:49,701 | ✅ [ 73/96] IBM    | Cap: $219.96B | Vol:   10.8M | Price: $    0.00
2026-08-24 10:36:50,833 | ✅ [ 74/96] PINS   | Cap: $ 13.26B | Vol:   15.1M | Price: $    0.00
2026-08-24 10:36:51,895 | ✅ [ 75/96] SHOP   | Cap: $193.74B | Vol:    9.4M | Price: $    0.00
2026-08-24 10:36:52,925 | ✅ [ 76/96] CSCO   | Cap: $436.40B | Vol:   23.9M | Price: $    0.00
2026-08-24 10:36:55,849 | ✅ [ 78/96] QCOM   | Cap: $165.32B | Vol:   16.8M | Price: $    0.00
2026-08-24 10:36:56,847 | ✅ [ 79/96] JPM    | Cap: $947.86B | Vol:    8.8M | Price: $    0.00
2026-08-24 10:36:59,739 | ✅ [ 81/96] MCD    | Cap: $192.41B | Vol:    4.6M | Price: $    0.00
2026-08-24 10:37:05,298 | ✅ [ 84/96] AXP    | Cap: $230.35B | Vol:    3.0M | Price: $    0.00
2026-08-24 10:37:06,257 | ✅ [ 85/96] SNOW   | Cap: $112.98B | Vol:    7.1M | Price: $    0.00
2026-08-24 11:31:30,047 | [+] MCP subprocess started (unbuffered)
2026-08-24 11:31:30,211 | ✅ MCP initialized
2026-08-24 11:31:30,212 | ================================================================================
2026-08-24 11:31:30,212 | FETCHING SYMBOLS
2026-08-24 11:31:30,212 | ================================================================================
2026-08-24 11:31:30,212 | ================================================================================
2026-08-24 11:31:30,212 | FETCHING TOP TRENDING SYMBOLS FROM YFINANCE
2026-08-24 11:31:30,212 | ================================================================================
2026-08-24 11:31:30,212 | [*] Fetching top 100 trending symbols from yfinance...
2026-08-24 11:31:30,212 |     Analyzing 100 popular stocks...
2026-08-24 11:31:31,680 |     Progress: 10/100
2026-08-24 11:31:32,106 |     Progress: 20/100
2026-08-24 11:31:32,560 |     Progress: 30/100
2026-08-24 11:31:32,911 |     Progress: 40/100
2026-08-24 11:31:33,464 |     Progress: 50/100
2026-08-24 11:31:33,998 |     Progress: 60/100
2026-08-24 11:31:34,525 |     Progress: 70/100
2026-08-24 11:31:34,766 | HTTP Error 404: {"quoteSummary":{"result":null,"error":{"code":"Not Found","description":"Quote not found for symbol: GRUBHUB"}}}
2026-08-24 11:31:35,167 |     Progress: 80/100
2026-08-24 11:31:35,530 |     Progress: 90/100
2026-08-24 11:31:35,796 | $SQ: possibly delisted; no price data found  (period=5d) (Yahoo error = "No data found, symbol may be delisted")
2026-08-24 11:31:36,426 | $GRUBHUB: possibly delisted; no price data found  (period=5d) (Yahoo error = "No data found, symbol may be delisted")
2026-08-24 11:31:37,279 | $ARKS: possibly delisted; no price data found  (period=5d) (Yahoo error = "No data found, symbol may be delisted")
2026-08-24 11:31:37,298 | $RSX: possibly delisted; no price data found  (period=5d) (Yahoo error = "No data found, symbol may be delisted")
2026-08-24 11:31:37,300 |     Progress: 100/100
2026-08-24 11:31:37,314 | ✅ Found 96 trending symbols from yfinance
2026-08-24 11:31:37,314 | 
📊 TOP 20 TRENDING:
2026-08-24 11:31:37,315 |     1. INTC   | Score:    5875.76 | Momentum:  -10.09% | Vol:  439.9M | Volatility:   1.3% | Price: $   87.61
2026-08-24 11:31:37,315 |     2. COIN   | Score:    3630.54 | Momentum:  +23.78% | Vol:   64.0M | Volatility:   2.4% | Price: $  185.75
2026-08-24 11:31:37,315 |     3. WMT    | Score:    2769.69 | Momentum:   -8.81% | Vol:  178.0M | Volatility:   1.8% | Price: $  105.26
2026-08-24 11:31:37,315 |     4. NVDA   | Score:    1757.60 | Momentum:   -4.37% | Vol:  698.4M | Volatility:   0.6% | Price: $  210.35
2026-08-24 11:31:37,315 |     5. TSLA   | Score:    1603.27 | Momentum:   +5.82% | Vol:  232.8M | Volatility:   1.2% | Price: $  356.48
2026-08-24 11:31:37,315 |     6. RIVN   | Score:    1602.04 | Momentum:  +15.45% | Vol:  100.7M | Volatility:   1.0% | Price: $   16.82
2026-08-24 11:31:37,315 |     7. CMG    | Score:    1032.72 | Momentum:  +12.49% | Vol:   69.3M | Volatility:   1.2% | Price: $   37.92
2026-08-24 11:31:37,315 |     8. MU     | Score:     950.79 | Momentum:   -4.24% | Vol:  140.4M | Volatility:   1.6% | Price: $  917.00
2026-08-24 11:31:37,315 |     9. BABA   | Score:     950.62 | Momentum:   -6.35% | Vol:   95.1M | Volatility:   1.6% | Price: $  119.37
2026-08-24 11:31:37,315 |    10. FSLY   | Score:     734.26 | Momentum:  -14.61% | Vol:   22.1M | Volatility:   2.3% | Price: $   23.42
2026-08-24 11:31:37,316 |    11. ARKG   | Score:     581.16 | Momentum:  +11.16% | Vol:   31.8M | Volatility:   1.6% | Price: $   48.15
2026-08-24 11:31:37,316 |    12. CRWD   | Score:     500.74 | Momentum:  -10.05% | Vol:   34.1M | Volatility:   1.5% | Price: $  189.97
2026-08-24 11:31:37,316 |    13. LCID   | Score:     483.38 | Momentum:  -12.36% | Vol:   38.9M | Volatility:   1.0% | Price: $    5.24
2026-08-24 11:31:37,316 |    14. AMD    | Score:     370.49 | Momentum:   -4.54% | Vol:   81.3M | Volatility:   1.0% | Price: $  459.73
2026-08-24 11:31:37,316 |    15. SNAP   | Score:     352.09 | Momentum:   +2.84% | Vol:  125.2M | Volatility:   1.0% | Price: $    5.43
2026-08-24 11:31:37,316 |    16. GLD    | Score:     348.20 | Momentum:   +6.04% | Vol:   76.6M | Volatility:   0.8% | Price: $  427.42
2026-08-24 11:31:37,316 |    17. PLTR   | Score:     324.35 | Momentum:   +2.42% | Vol:  124.4M | Volatility:   1.1% | Price: $  177.40
2026-08-24 11:31:37,316 |    18. EWZ    | Score:     307.62 | Momentum:   +3.92% | Vol:   92.8M | Volatility:   0.8% | Price: $   35.40
2026-08-24 11:31:37,316 |    19. CRM    | Score:     234.01 | Momentum:   +6.66% | Vol:   42.4M | Volatility:   0.8% | Price: $  209.48
2026-08-24 11:31:37,316 |    20. XPEV   | Score:     218.02 | Momentum:   -4.14% | Vol:   37.0M | Volatility:   1.4% | Price: $   11.34
2026-08-24 11:31:37,317 |    ... and 76 more
2026-08-24 11:31:37,317 | ================================================================================
2026-08-24 11:31:37,317 | FILTERING BY MARKET CAP (min: $10.0B, vol: 1.0M)
2026-08-24 11:31:37,317 | ================================================================================
2026-08-24 11:31:38,754 | ✅ [  1/96] INTC   | Cap: $460.34B | Vol:  119.1M | Price: $    0.00
2026-08-24 11:31:39,738 | ✅ [  2/96] COIN   | Cap: $ 49.01B | Vol:    8.5M | Price: $    0.00
2026-08-24 11:31:40,845 | ✅ [  3/96] WMT    | Cap: $837.79B | Vol:   24.7M | Price: $    0.00
2026-08-24 11:31:42,005 | ✅ [  4/96] NVDA   | Cap: $5092.71B | Vol:  140.6M | Price: $    0.00
2026-08-24 11:31:42,958 | ✅ [  5/96] TSLA   | Cap: $1408.09B | Vol:   42.1M | Price: $    0.00
2026-08-24 11:31:43,938 | ✅ [  6/96] RIVN   | Cap: $ 24.35B | Vol:   32.6M | Price: $    0.00
2026-08-24 11:31:44,802 | ✅ [  7/96] CMG    | Cap: $ 48.07B | Vol:   20.1M | Price: $    0.00
2026-08-24 11:31:45,740 | ✅ [  8/96] MU     | Cap: $1034.90B | Vol:   48.2M | Price: $    0.00
2026-08-24 11:31:46,701 | ✅ [  9/96] BABA   | Cap: $286.08B | Vol:   12.3M | Price: $    0.00
2026-08-24 11:31:50,856 | ✅ [ 12/96] CRWD   | Cap: $193.41B | Vol:   10.7M | Price: $    0.00
2026-08-24 11:31:52,629 | ✅ [ 14/96] AMD    | Cap: $750.29B | Vol:   28.8M | Price: $    0.00
2026-08-24 11:31:56,594 | ✅ [ 17/96] PLTR   | Cap: $426.51B | Vol:   43.2M | Price: $    0.00
2026-08-24 11:31:59,491 | ✅ [ 19/96] CRM    | Cap: $171.60B | Vol:   14.9M | Price: $    0.00
2026-08-24 11:32:00,450 | ✅ [ 20/96] XPEV   | Cap: $ 10.85B | Vol:    7.2M | Price: $    0.00
2026-08-24 11:32:01,548 | ✅ [ 21/96] CPNG   | Cap: $ 29.61B | Vol:   21.6M | Price: $    0.00
2026-08-24 11:32:02,760 | ✅ [ 22/96] NFLX   | Cap: $334.02B | Vol:   42.6M | Price: $    0.00
2026-08-24 11:32:07,799 | ✅ [ 25/96] NIO    | Cap: $ 11.09B | Vol:   29.7M | Price: $    0.00
2026-08-24 11:32:08,801 | ✅ [ 26/96] T      | Cap: $176.21B | Vol:   62.9M | Price: $    0.00
2026-08-24 11:32:09,865 | ✅ [ 27/96] KO     | Cap: $395.75B | Vol:   17.6M | Price: $    0.00
2026-08-24 11:32:10,711 | ✅ [ 28/96] OKTA   | Cap: $ 22.63B | Vol:    3.6M | Price: $    0.00
2026-08-24 11:32:13,593 | ✅ [ 30/96] DDOG   | Cap: $ 81.89B | Vol:    5.2M | Price: $    0.00
2026-08-24 11:32:14,694 | ✅ [ 31/96] UBER   | Cap: $160.32B | Vol:   20.7M | Price: $    0.00
2026-08-24 11:32:15,604 | ✅ [ 32/96] GOOGL  | Cap: $4292.34B | Vol:   32.0M | Price: $    0.00
2026-08-24 11:32:16,589 | ✅ [ 33/96] BA     | Cap: $165.12B | Vol:    5.9M | Price: $    0.00
2026-08-24 11:32:17,559 | ✅ [ 34/96] AAPL   | Cap: $4553.68B | Vol:   56.4M | Price: $    0.00
2026-08-24 11:32:18,600 | ✅ [ 35/96] NET    | Cap: $101.23B | Vol:    3.7M | Price: $    0.00
2026-08-24 11:32:19,539 | ✅ [ 36/96] RBLX   | Cap: $ 27.79B | Vol:   11.9M | Price: $    0.00
2026-08-24 11:32:22,491 | ✅ [ 38/96] VZ     | Cap: $208.47B | Vol:   27.0M | Price: $    0.00
2026-08-24 11:32:25,653 | ✅ [ 40/96] F      | Cap: $ 55.61B | Vol:   56.6M | Price: $    0.00
2026-08-24 11:32:26,578 | ✅ [ 41/96] V      | Cap: $710.41B | Vol:    8.1M | Price: $    0.00
2026-08-24 11:32:27,544 | ✅ [ 42/96] INTU   | Cap: $101.33B | Vol:    5.1M | Price: $    0.00
2026-08-24 11:32:28,523 | ✅ [ 43/96] ADBE   | Cap: $109.72B | Vol:    6.4M | Price: $    0.00
2026-08-24 11:32:29,517 | ✅ [ 44/96] ABT    | Cap: $202.52B | Vol:   11.9M | Price: $    0.00
2026-08-24 11:32:30,551 | ✅ [ 45/96] ABNB   | Cap: $112.65B | Vol:    4.2M | Price: $    0.00
2026-08-24 11:32:31,570 | ✅ [ 46/96] MSFT   | Cap: $3633.50B | Vol:   39.6M | Price: $    0.00
2026-08-24 11:32:34,461 | ✅ [ 48/96] DASH   | Cap: $ 99.81B | Vol:    4.6M | Price: $    0.00
2026-08-24 11:32:35,403 | ✅ [ 49/96] AMZN   | Cap: $2833.89B | Vol:   49.7M | Price: $    0.00
2026-08-24 11:32:36,331 | ✅ [ 50/96] GM     | Cap: $ 78.41B | Vol:    7.5M | Price: $    0.00
2026-08-24 11:32:42,061 | ✅ [ 54/96] META   | Cap: $1414.43B | Vol:   18.5M | Price: $    0.00
2026-08-24 11:32:43,034 | ✅ [ 55/96] PG     | Cap: $339.13B | Vol:    9.2M | Price: $    0.00
2026-08-24 11:32:44,075 | ✅ [ 56/96] LLY    | Cap: $1109.91B | Vol:    3.0M | Price: $    0.00
2026-08-24 11:32:51,759 | ✅ [ 61/96] BKNG   | Cap: $160.43B | Vol:    7.0M | Price: $    0.00
2026-08-24 11:32:52,677 | ✅ [ 62/96] JNJ    | Cap: $659.73B | Vol:    8.0M | Price: $    0.00
2026-08-24 11:32:53,810 | ✅ [ 63/96] JD     | Cap: $ 39.36B | Vol:    8.6M | Price: $    0.00
2026-08-24 11:32:56,889 | ✅ [ 65/96] PYPL   | Cap: $ 53.00B | Vol:   15.9M | Price: $    0.00
2026-08-24 11:32:58,094 | ✅ [ 66/96] XOM    | Cap: $669.09B | Vol:   15.8M | Price: $    0.00
2026-08-24 11:33:02,662 | ✅ [ 69/96] PINS   | Cap: $ 13.23B | Vol:   15.1M | Price: $    0.00
2026-08-24 11:33:11,757 | ✅ [ 74/96] ZM     | Cap: $ 30.59B | Vol:    3.7M | Price: $    0.00
2026-08-24 11:33:12,715 | ✅ [ 75/96] MCD    | Cap: $193.38B | Vol:    4.6M | Price: $    0.00
2026-08-24 11:33:13,760 | ✅ [ 76/96] CSCO   | Cap: $436.08B | Vol:   23.9M | Price: $    0.00
2026-08-24 11:33:14,722 | ✅ [ 77/96] CVX    | Cap: $397.65B | Vol:    8.7M | Price: $    0.00
2026-08-24 11:33:15,910 | ✅ [ 78/96] JPM    | Cap: $947.06B | Vol:    8.8M | Price: $    0.00
2026-08-24 11:33:16,898 | ✅ [ 79/96] IBM    | Cap: $219.68B | Vol:   10.8M | Price: $    0.00
2026-08-24 11:33:21,745 | ✅ [ 82/96] SHOP   | Cap: $192.94B | Vol:    9.4M | Price: $    0.00
2026-08-24 11:33:22,678 | ✅ [ 83/96] U      | Cap: $ 20.33B | Vol:    9.6M | Price: $    0.00
2026-08-24 11:33:23,694 | ✅ [ 84/96] QCOM   | Cap: $166.27B | Vol:   16.8M | Price: $    0.00
2026-08-24 11:33:25,309 | ✅ [ 85/96] PDD    | Cap: $123.87B | Vol:    8.6M | Price: $    0.00
2026-08-24 11:33:26,977 | ✅ [ 86/96] SNOW   | Cap: $112.83B | Vol:    7.1M | Price: $    0.00
/Users/ramayalala/trading_bot/run_bot_cycle.sh: line 12: timeout: command not found
/Users/ramayalala/trading_bot/run_bot_cycle.sh: line 12: timeout: command not found
/Users/ramayalala/trading_bot/run_bot_cycle.sh: line 12: timeout: command not found
/Users/ramayalala/trading_bot/run_bot_cycle.sh: line 12: timeout: command not found
2026-08-24 11:41:54,972 | [+] MCP subprocess started (unbuffered)
2026-08-24 11:41:54,972 | [+] MCP subprocess started (unbuffered)
2026-08-24 11:41:55,134 | ✅ MCP initialized
2026-08-24 11:41:55,134 | ✅ MCP initialized
2026-08-24 11:41:55,134 | ================================================================================
2026-08-24 11:41:55,134 | ================================================================================
2026-08-24 11:41:55,134 | FETCHING SYMBOLS
2026-08-24 11:41:55,134 | FETCHING SYMBOLS
2026-08-24 11:41:55,134 | ================================================================================
2026-08-24 11:41:55,134 | ================================================================================
2026-08-24 11:41:55,134 | ================================================================================
2026-08-24 11:41:55,134 | ================================================================================
2026-08-24 11:41:55,134 | FETCHING TOP TRENDING SYMBOLS FROM YFINANCE
2026-08-24 11:41:55,134 | FETCHING TOP TRENDING SYMBOLS FROM YFINANCE
2026-08-24 11:41:55,134 | ================================================================================
2026-08-24 11:41:55,134 | ================================================================================
2026-08-24 11:41:55,134 | [*] Fetching top 100 trending symbols from yfinance...
2026-08-24 11:41:55,134 | [*] Fetching top 100 trending symbols from yfinance...
2026-08-24 11:41:55,134 |     Analyzing 100 popular stocks...
2026-08-24 11:41:55,134 |     Analyzing 100 popular stocks...
2026-08-24 11:41:56,759 |     Progress: 10/100
2026-08-24 11:41:56,759 |     Progress: 10/100
2026-08-24 11:41:57,188 |     Progress: 20/100
2026-08-24 11:41:57,188 |     Progress: 20/100
2026-08-24 11:41:57,583 |     Progress: 30/100
2026-08-24 11:41:57,583 |     Progress: 30/100
2026-08-24 11:41:57,960 |     Progress: 40/100
2026-08-24 11:41:57,960 |     Progress: 40/100
2026-08-24 11:41:58,364 |     Progress: 50/100
2026-08-24 11:41:58,364 |     Progress: 50/100
2026-08-24 11:41:59,218 |     Progress: 60/100
2026-08-24 11:41:59,218 |     Progress: 60/100
2026-08-24 11:41:59,569 |     Progress: 70/100
2026-08-24 11:41:59,569 |     Progress: 70/100
2026-08-24 11:42:00,147 | HTTP Error 404: {"quoteSummary":{"result":null,"error":{"code":"Not Found","description":"Quote not found for symbol: GRUBHUB"}}}
2026-08-24 11:42:00,147 | HTTP Error 404: {"quoteSummary":{"result":null,"error":{"code":"Not Found","description":"Quote not found for symbol: GRUBHUB"}}}
2026-08-24 11:42:00,543 |     Progress: 80/100
2026-08-24 11:42:00,543 |     Progress: 80/100
2026-08-24 11:42:00,913 |     Progress: 90/100
2026-08-24 11:42:00,913 |     Progress: 90/100
2026-08-24 11:42:01,414 | $SQ: possibly delisted; no price data found  (period=5d) (Yahoo error = "No data found, symbol may be delisted")
2026-08-24 11:42:01,414 | $SQ: possibly delisted; no price data found  (period=5d) (Yahoo error = "No data found, symbol may be delisted")
2026-08-24 11:42:01,465 | $GRUBHUB: possibly delisted; no price data found  (period=5d) (Yahoo error = "No data found, symbol may be delisted")
2026-08-24 11:42:01,465 | $GRUBHUB: possibly delisted; no price data found  (period=5d) (Yahoo error = "No data found, symbol may be delisted")
2026-08-24 11:42:02,132 | $RSX: possibly delisted; no price data found  (period=5d) (Yahoo error = "No data found, symbol may be delisted")
2026-08-24 11:42:02,132 | $RSX: possibly delisted; no price data found  (period=5d) (Yahoo error = "No data found, symbol may be delisted")
2026-08-24 11:42:02,854 | $ARKS: possibly delisted; no price data found  (period=5d) (Yahoo error = "No data found, symbol may be delisted")
2026-08-24 11:42:02,854 | $ARKS: possibly delisted; no price data found  (period=5d) (Yahoo error = "No data found, symbol may be delisted")
2026-08-24 11:42:02,855 |     Progress: 100/100
2026-08-24 11:42:02,855 |     Progress: 100/100
2026-08-24 11:42:02,868 | ✅ Found 96 trending symbols from yfinance
2026-08-24 11:42:02,868 | ✅ Found 96 trending symbols from yfinance
2026-08-24 11:42:02,869 | 
📊 TOP 20 TRENDING:
2026-08-24 11:42:02,869 | 
📊 TOP 20 TRENDING:
2026-08-24 11:42:02,869 |     1. INTC   | Score:    5970.04 | Momentum:  -10.23% | Vol:  441.0M | Volatility:   1.3% | Price: $   87.47
2026-08-24 11:42:02,869 |     1. INTC   | Score:    5970.04 | Momentum:  -10.23% | Vol:  441.0M | Volatility:   1.3% | Price: $   87.47
2026-08-24 11:42:02,869 |     2. COIN   | Score:    3561.10 | Momentum:  +23.23% | Vol:   64.1M | Volatility:   2.4% | Price: $  184.93
2026-08-24 11:42:02,869 |     2. COIN   | Score:    3561.10 | Momentum:  +23.23% | Vol:   64.1M | Volatility:   2.4% | Price: $  184.93
2026-08-24 11:42:02,869 |     3. WMT    | Score:    2772.90 | Momentum:   -8.79% | Vol:  178.6M | Volatility:   1.8% | Price: $  105.29
2026-08-24 11:42:02,869 |     3. WMT    | Score:    2772.90 | Momentum:   -8.79% | Vol:  178.6M | Volatility:   1.8% | Price: $  105.29
2026-08-24 11:42:02,869 |     4. NVDA   | Score:    1941.13 | Momentum:   -4.42% | Vol:  762.4M | Volatility:   0.6% | Price: $  210.24
2026-08-24 11:42:02,869 |     4. NVDA   | Score:    1941.13 | Momentum:   -4.42% | Vol:  762.4M | Volatility:   0.6% | Price: $  210.24
2026-08-24 11:42:02,869 |     5. RIVN   | Score:    1573.34 | Momentum:  +15.04% | Vol:  100.9M | Volatility:   1.0% | Price: $   16.75
2026-08-24 11:42:02,869 |     5. RIVN   | Score:    1573.34 | Momentum:  +15.04% | Vol:  100.9M | Volatility:   1.0% | Price: $   16.75
2026-08-24 11:42:02,869 |     6. TSLA   | Score:    1502.29 | Momentum:   +5.42% | Vol:  233.4M | Volatility:   1.2% | Price: $  355.11
2026-08-24 11:42:02,869 |     6. TSLA   | Score:    1502.29 | Momentum:   +5.42% | Vol:  233.4M | Volatility:   1.2% | Price: $  355.11
2026-08-24 11:42:02,869 |     7. CMG    | Score:    1037.46 | Momentum:  +12.52% | Vol:   69.5M | Volatility:   1.2% | Price: $   37.92
2026-08-24 11:42:02,869 |     7. CMG    | Score:    1037.46 | Momentum:  +12.52% | Vol:   69.5M | Volatility:   1.2% | Price: $   37.92
2026-08-24 11:42:02,870 |     8. MU     | Score:     964.50 | Momentum:   -4.29% | Vol:  140.9M | Volatility:   1.6% | Price: $  916.55
2026-08-24 11:42:02,870 |     8. MU     | Score:     964.50 | Momentum:   -4.29% | Vol:  140.9M | Volatility:   1.6% | Price: $  916.55
2026-08-24 11:42:02,870 |     9. BABA   | Score:     954.19 | Momentum:   -6.36% | Vol:   95.3M | Volatility:   1.6% | Price: $  119.36
2026-08-24 11:42:02,870 |     9. BABA   | Score:     954.19 | Momentum:   -6.36% | Vol:   95.3M | Volatility:   1.6% | Price: $  119.36
2026-08-24 11:42:02,870 |    10. FSLY   | Score:     737.13 | Momentum:  -14.66% | Vol:   22.1M | Volatility:   2.3% | Price: $   23.41
2026-08-24 11:42:02,870 |    10. FSLY   | Score:     737.13 | Momentum:  -14.66% | Vol:   22.1M | Volatility:   2.3% | Price: $   23.41
2026-08-24 11:42:02,870 |    11. ARKG   | Score:     576.29 | Momentum:  +11.05% | Vol:   31.8M | Volatility:   1.6% | Price: $   48.10
2026-08-24 11:42:02,870 |    11. ARKG   | Score:     576.29 | Momentum:  +11.05% | Vol:   31.8M | Volatility:   1.6% | Price: $   48.10
2026-08-24 11:42:02,870 |    12. LCID   | Score:     507.70 | Momentum:  -12.87% | Vol:   39.3M | Volatility:   1.0% | Price: $    5.22
2026-08-24 11:42:02,870 |    12. LCID   | Score:     507.70 | Momentum:  -12.87% | Vol:   39.3M | Volatility:   1.0% | Price: $    5.22
2026-08-24 11:42:02,870 |    13. CRWD   | Score:     494.09 | Momentum:   -9.88% | Vol:   34.2M | Volatility:   1.5% | Price: $  190.33
2026-08-24 11:42:02,870 |    13. CRWD   | Score:     494.09 | Momentum:   -9.88% | Vol:   34.2M | Volatility:   1.5% | Price: $  190.33
2026-08-24 11:42:02,870 |    14. SNAP   | Score:     432.41 | Momentum:   +3.03% | Vol:  144.3M | Volatility:   1.0% | Price: $    5.43
2026-08-24 11:42:02,870 |    14. SNAP   | Score:     432.41 | Momentum:   +3.03% | Vol:  144.3M | Volatility:   1.0% | Price: $    5.43
2026-08-24 11:42:02,870 |    15. AMD    | Score:     374.14 | Momentum:   -4.58% | Vol:   81.4M | Volatility:   1.0% | Price: $  459.55
2026-08-24 11:42:02,870 |    15. AMD    | Score:     374.14 | Momentum:   -4.58% | Vol:   81.4M | Volatility:   1.0% | Price: $  459.55
2026-08-24 11:42:02,870 |    16. GLD    | Score:     348.98 | Momentum:   +6.05% | Vol:   76.7M | Volatility:   0.8% | Price: $  427.45
2026-08-24 11:42:02,870 |    16. GLD    | Score:     348.98 | Momentum:   +6.05% | Vol:   76.7M | Volatility:   0.8% | Price: $  427.45
2026-08-24 11:42:02,870 |    17. PLTR   | Score:     340.82 | Momentum:   +2.54% | Vol:  124.6M | Volatility:   1.1% | Price: $  177.61
2026-08-24 11:42:02,870 |    17. PLTR   | Score:     340.82 | Momentum:   +2.54% | Vol:  124.6M | Volatility:   1.1% | Price: $  177.61
2026-08-24 11:42:02,871 |    18. EWZ    | Score:     291.95 | Momentum:   +3.70% | Vol:   93.2M | Volatility:   0.8% | Price: $   35.33
2026-08-24 11:42:02,871 |    18. EWZ    | Score:     291.95 | Momentum:   +3.70% | Vol:   93.2M | Volatility:   0.8% | Price: $   35.33
2026-08-24 11:42:02,871 |    19. CRM    | Score:     231.58 | Momentum:   +6.56% | Vol:   42.5M | Volatility:   0.8% | Price: $  209.29
2026-08-24 11:42:02,871 |    19. CRM    | Score:     231.58 | Momentum:   +6.56% | Vol:   42.5M | Volatility:   0.8% | Price: $  209.29
2026-08-24 11:42:02,871 |    20. XPEV   | Score:     227.88 | Momentum:   -4.31% | Vol:   37.2M | Volatility:   1.4% | Price: $   11.31
2026-08-24 11:42:02,871 |    20. XPEV   | Score:     227.88 | Momentum:   -4.31% | Vol:   37.2M | Volatility:   1.4% | Price: $   11.31
2026-08-24 11:42:02,871 |    ... and 76 more
2026-08-24 11:42:02,871 |    ... and 76 more
2026-08-24 11:42:02,871 | ================================================================================
2026-08-24 11:42:02,871 | ================================================================================
2026-08-24 11:42:02,871 | FILTERING BY MARKET CAP (min: $10.0B, vol: 1.0M)
2026-08-24 11:42:02,871 | FILTERING BY MARKET CAP (min: $10.0B, vol: 1.0M)
2026-08-24 11:42:02,871 | ================================================================================
2026-08-24 11:42:02,871 | ================================================================================
2026-08-24 11:42:04,090 | ✅ [  1/96] INTC   | Cap: $459.41B | Vol:  119.1M | Price: $    0.00
2026-08-24 11:42:04,090 | ✅ [  1/96] INTC   | Cap: $459.41B | Vol:  119.1M | Price: $    0.00
2026-08-24 11:42:05,240 | ✅ [  2/96] COIN   | Cap: $ 48.82B | Vol:    8.5M | Price: $    0.00
2026-08-24 11:42:05,240 | ✅ [  2/96] COIN   | Cap: $ 48.82B | Vol:    8.5M | Price: $    0.00
2026-08-24 11:42:06,573 | ✅ [  3/96] WMT    | Cap: $837.91B | Vol:   24.7M | Price: $    0.00
2026-08-24 11:42:06,573 | ✅ [  3/96] WMT    | Cap: $837.91B | Vol:   24.7M | Price: $    0.00
2026-08-24 11:42:07,505 | ✅ [  4/96] NVDA   | Cap: $5091.98B | Vol:  140.6M | Price: $    0.00
2026-08-24 11:42:07,505 | ✅ [  4/96] NVDA   | Cap: $5091.98B | Vol:  140.6M | Price: $    0.00
2026-08-24 11:42:08,420 | ✅ [  5/96] RIVN   | Cap: $ 24.26B | Vol:   32.6M | Price: $    0.00
2026-08-24 11:42:08,420 | ✅ [  5/96] RIVN   | Cap: $ 24.26B | Vol:   32.6M | Price: $    0.00
2026-08-24 11:42:09,498 | ✅ [  6/96] TSLA   | Cap: $1402.13B | Vol:   42.1M | Price: $    0.00
2026-08-24 11:42:09,498 | ✅ [  6/96] TSLA   | Cap: $1402.13B | Vol:   42.1M | Price: $    0.00
2026-08-24 11:42:10,442 | ✅ [  7/96] CMG    | Cap: $ 48.08B | Vol:   20.1M | Price: $    0.00
2026-08-24 11:42:10,442 | ✅ [  7/96] CMG    | Cap: $ 48.08B | Vol:   20.1M | Price: $    0.00
2026-08-24 11:42:11,393 | ✅ [  8/96] MU     | Cap: $1034.99B | Vol:   48.2M | Price: $    0.00
2026-08-24 11:42:11,393 | ✅ [  8/96] MU     | Cap: $1034.99B | Vol:   48.2M | Price: $    0.00
2026-08-24 11:42:12,369 | ✅ [  9/96] BABA   | Cap: $286.15B | Vol:   12.3M | Price: $    0.00
2026-08-24 11:42:12,369 | ✅ [  9/96] BABA   | Cap: $286.15B | Vol:   12.3M | Price: $    0.00
2026-08-24 11:42:17,314 | ✅ [ 13/96] CRWD   | Cap: $193.87B | Vol:   10.7M | Price: $    0.00
2026-08-24 11:42:17,314 | ✅ [ 13/96] CRWD   | Cap: $193.87B | Vol:   10.7M | Price: $    0.00
2026-08-24 11:42:19,060 | ✅ [ 15/96] AMD    | Cap: $750.29B | Vol:   28.8M | Price: $    0.00
2026-08-24 11:42:19,060 | ✅ [ 15/96] AMD    | Cap: $750.29B | Vol:   28.8M | Price: $    0.00
2026-08-24 11:42:21,715 | ✅ [ 17/96] PLTR   | Cap: $426.90B | Vol:   43.2M | Price: $    0.00
2026-08-24 11:42:21,715 | ✅ [ 17/96] PLTR   | Cap: $426.90B | Vol:   43.2M | Price: $    0.00
2026-08-24 11:42:24,666 | ✅ [ 19/96] CRM    | Cap: $171.48B | Vol:   14.9M | Price: $    0.00
2026-08-24 11:42:24,666 | ✅ [ 19/96] CRM    | Cap: $171.48B | Vol:   14.9M | Price: $    0.00
2026-08-24 11:42:25,572 | ✅ [ 20/96] XPEV   | Cap: $ 10.83B | Vol:    7.2M | Price: $    0.00
2026-08-24 11:42:25,572 | ✅ [ 20/96] XPEV   | Cap: $ 10.83B | Vol:    7.2M | Price: $    0.00
2026-08-24 11:42:26,500 | ✅ [ 21/96] CPNG   | Cap: $ 29.61B | Vol:   21.6M | Price: $    0.00
2026-08-24 11:42:26,500 | ✅ [ 21/96] CPNG   | Cap: $ 29.61B | Vol:   21.6M | Price: $    0.00
2026-08-24 11:42:27,449 | ✅ [ 22/96] NFLX   | Cap: $334.04B | Vol:   42.6M | Price: $    0.00
2026-08-24 11:42:27,449 | ✅ [ 22/96] NFLX   | Cap: $334.04B | Vol:   42.6M | Price: $    0.00
2026-08-24 11:42:28,325 | ✅ [ 23/96] NIO    | Cap: $ 11.07B | Vol:   29.7M | Price: $    0.00
2026-08-24 11:42:28,325 | ✅ [ 23/96] NIO    | Cap: $ 11.07B | Vol:   29.7M | Price: $    0.00
2026-08-24 11:42:33,088 | ✅ [ 26/96] KO     | Cap: $395.15B | Vol:   17.6M | Price: $    0.00
2026-08-24 11:42:33,088 | ✅ [ 26/96] KO     | Cap: $395.15B | Vol:   17.6M | Price: $    0.00
2026-08-24 11:42:34,191 | ✅ [ 27/96] T      | Cap: $175.99B | Vol:   62.9M | Price: $    0.00
2026-08-24 11:42:34,191 | ✅ [ 27/96] T      | Cap: $175.99B | Vol:   62.9M | Price: $    0.00
2026-08-24 11:42:35,256 | ✅ [ 28/96] OKTA   | Cap: $ 22.73B | Vol:    3.6M | Price: $    0.00
2026-08-24 11:42:35,256 | ✅ [ 28/96] OKTA   | Cap: $ 22.73B | Vol:    3.6M | Price: $    0.00
2026-08-24 11:42:38,352 | ✅ [ 30/96] DDOG   | Cap: $ 82.01B | Vol:    5.2M | Price: $    0.00
2026-08-24 11:42:38,352 | ✅ [ 30/96] DDOG   | Cap: $ 82.01B | Vol:    5.2M | Price: $    0.00
2026-08-24 11:42:39,325 | ✅ [ 31/96] AAPL   | Cap: $4555.72B | Vol:   56.4M | Price: $    0.00
2026-08-24 11:42:39,325 | ✅ [ 31/96] AAPL   | Cap: $4555.72B | Vol:   56.4M | Price: $    0.00
2026-08-24 11:42:40,184 | ✅ [ 32/96] UBER   | Cap: $160.16B | Vol:   20.7M | Price: $    0.00
2026-08-24 11:42:40,184 | ✅ [ 32/96] UBER   | Cap: $160.16B | Vol:   20.7M | Price: $    0.00
2026-08-24 11:42:41,172 | ✅ [ 33/96] RBLX   | Cap: $ 27.97B | Vol:   11.9M | Price: $    0.00
2026-08-24 11:42:41,172 | ✅ [ 33/96] RBLX   | Cap: $ 27.97B | Vol:   11.9M | Price: $    0.00
2026-08-24 11:42:42,041 | ✅ [ 34/96] GOOGL  | Cap: $4293.32B | Vol:   32.0M | Price: $    0.00
2026-08-24 11:42:42,041 | ✅ [ 34/96] GOOGL  | Cap: $4293.32B | Vol:   32.0M | Price: $    0.00
2026-08-24 11:42:42,976 | ✅ [ 35/96] BA     | Cap: $165.18B | Vol:    5.9M | Price: $    0.00
2026-08-24 11:42:42,976 | ✅ [ 35/96] BA     | Cap: $165.18B | Vol:    5.9M | Price: $    0.00
2026-08-24 11:42:44,626 | ✅ [ 36/96] NET    | Cap: $101.21B | Vol:    3.7M | Price: $    0.00
2026-08-24 11:42:44,626 | ✅ [ 36/96] NET    | Cap: $101.21B | Vol:    3.7M | Price: $    0.00
2026-08-24 11:42:45,868 | ✅ [ 37/96] F      | Cap: $ 55.43B | Vol:   56.6M | Price: $    0.00
2026-08-24 11:42:45,868 | ✅ [ 37/96] F      | Cap: $ 55.43B | Vol:   56.6M | Price: $    0.00
2026-08-24 11:42:48,715 | ✅ [ 39/96] VZ     | Cap: $208.30B | Vol:   27.0M | Price: $    0.00
2026-08-24 11:42:48,715 | ✅ [ 39/96] VZ     | Cap: $208.30B | Vol:   27.0M | Price: $    0.00
2026-08-24 11:42:51,404 | ✅ [ 41/96] AMZN   | Cap: $2837.83B | Vol:   49.7M | Price: $    0.00
2026-08-24 11:42:51,404 | ✅ [ 41/96] AMZN   | Cap: $2837.83B | Vol:   49.7M | Price: $    0.00
2026-08-24 11:42:52,408 | ✅ [ 42/96] V      | Cap: $709.45B | Vol:    8.1M | Price: $    0.00
2026-08-24 11:42:52,408 | ✅ [ 42/96] V      | Cap: $709.45B | Vol:    8.1M | Price: $    0.00
2026-08-24 11:42:53,493 | ✅ [ 43/96] INTU   | Cap: $101.10B | Vol:    5.1M | Price: $    0.00
2026-08-24 11:42:53,493 | ✅ [ 43/96] INTU   | Cap: $101.10B | Vol:    5.1M | Price: $    0.00
2026-08-24 11:42:54,467 | ✅ [ 44/96] ADBE   | Cap: $109.43B | Vol:    6.4M | Price: $    0.00
2026-08-24 11:42:54,467 | ✅ [ 44/96] ADBE   | Cap: $109.43B | Vol:    6.4M | Price: $    0.00
2026-08-24 11:42:55,739 | ✅ [ 45/96] ABT    | Cap: $202.28B | Vol:   11.9M | Price: $    0.00
2026-08-24 11:42:55,739 | ✅ [ 45/96] ABT    | Cap: $202.28B | Vol:   11.9M | Price: $    0.00
2026-08-24 11:42:56,655 | ✅ [ 46/96] ABNB   | Cap: $112.40B | Vol:    4.2M | Price: $    0.00
2026-08-24 11:42:56,655 | ✅ [ 46/96] ABNB   | Cap: $112.40B | Vol:    4.2M | Price: $    0.00
2026-08-24 11:42:58,605 | ✅ [ 48/96] DASH   | Cap: $ 99.90B | Vol:    4.6M | Price: $    0.00
2026-08-24 11:42:58,605 | ✅ [ 48/96] DASH   | Cap: $ 99.90B | Vol:    4.6M | Price: $    0.00
2026-08-24 11:43:05,945 | [+] MCP subprocess started (unbuffered)
2026-08-24 11:43:05,945 | [+] MCP subprocess started (unbuffered)
2026-08-24 11:43:06,103 | ✅ MCP initialized
2026-08-24 11:43:06,103 | ✅ MCP initialized
2026-08-24 11:43:06,104 | ================================================================================
2026-08-24 11:43:06,104 | ================================================================================
2026-08-24 11:43:06,104 | FETCHING SYMBOLS
2026-08-24 11:43:06,104 | FETCHING SYMBOLS
2026-08-24 11:43:06,104 | ================================================================================
2026-08-24 11:43:06,104 | ================================================================================
2026-08-24 11:43:06,104 | ================================================================================
2026-08-24 11:43:06,104 | ================================================================================
2026-08-24 11:43:06,104 | FETCHING TOP TRENDING SYMBOLS FROM YFINANCE
2026-08-24 11:43:06,104 | FETCHING TOP TRENDING SYMBOLS FROM YFINANCE
2026-08-24 11:43:06,104 | ================================================================================
2026-08-24 11:43:06,104 | ================================================================================
2026-08-24 11:43:06,104 | [*] Fetching top 100 trending symbols from yfinance...
2026-08-24 11:43:06,104 | [*] Fetching top 100 trending symbols from yfinance...
2026-08-24 11:43:06,104 |     Analyzing 100 popular stocks...
2026-08-24 11:43:06,104 |     Analyzing 100 popular stocks...
2026-08-24 11:43:07,487 |     Progress: 10/100
2026-08-24 11:43:07,487 |     Progress: 10/100
2026-08-24 11:43:07,909 |     Progress: 20/100
2026-08-24 11:43:07,909 |     Progress: 20/100
2026-08-24 11:43:08,223 |     Progress: 30/100
2026-08-24 11:43:08,223 |     Progress: 30/100
2026-08-24 11:43:08,522 |     Progress: 40/100
2026-08-24 11:43:08,522 |     Progress: 40/100
2026-08-24 11:43:09,077 |     Progress: 50/100
2026-08-24 11:43:09,077 |     Progress: 50/100
2026-08-24 11:43:09,919 |     Progress: 60/100
2026-08-24 11:43:09,919 |     Progress: 60/100
2026-08-24 11:43:10,287 |     Progress: 70/100
2026-08-24 11:43:10,287 |     Progress: 70/100
2026-08-24 11:43:10,723 | HTTP Error 404: {"quoteSummary":{"result":null,"error":{"code":"Not Found","description":"Quote not found for symbol: GRUBHUB"}}}
2026-08-24 11:43:10,723 | HTTP Error 404: {"quoteSummary":{"result":null,"error":{"code":"Not Found","description":"Quote not found for symbol: GRUBHUB"}}}
2026-08-24 11:43:10,867 |     Progress: 80/100
2026-08-24 11:43:10,867 |     Progress: 80/100
2026-08-24 11:43:11,233 |     Progress: 90/100
2026-08-24 11:43:11,233 |     Progress: 90/100
2026-08-24 11:43:11,491 | $SQ: possibly delisted; no price data found  (period=5d) (Yahoo error = "No data found, symbol may be delisted")
2026-08-24 11:43:11,491 | $SQ: possibly delisted; no price data found  (period=5d) (Yahoo error = "No data found, symbol may be delisted")
2026-08-24 11:43:12,084 | $GRUBHUB: possibly delisted; no price data found  (period=5d) (Yahoo error = "No data found, symbol may be delisted")
2026-08-24 11:43:12,084 | $GRUBHUB: possibly delisted; no price data found  (period=5d) (Yahoo error = "No data found, symbol may be delisted")
2026-08-24 11:43:12,171 | $RSX: possibly delisted; no price data found  (period=5d) (Yahoo error = "No data found, symbol may be delisted")
2026-08-24 11:43:12,171 | $RSX: possibly delisted; no price data found  (period=5d) (Yahoo error = "No data found, symbol may be delisted")
2026-08-24 11:43:13,213 | $ARKS: possibly delisted; no price data found  (period=5d) (Yahoo error = "No data found, symbol may be delisted")
2026-08-24 11:43:13,213 | $ARKS: possibly delisted; no price data found  (period=5d) (Yahoo error = "No data found, symbol may be delisted")
2026-08-24 11:43:13,214 |     Progress: 100/100
2026-08-24 11:43:13,214 |     Progress: 100/100
2026-08-24 11:43:13,236 | ✅ Found 96 trending symbols from yfinance
2026-08-24 11:43:13,236 | ✅ Found 96 trending symbols from yfinance
2026-08-24 11:43:13,236 | 
📊 TOP 20 TRENDING:
2026-08-24 11:43:13,236 | 
📊 TOP 20 TRENDING:
2026-08-24 11:43:13,236 |     1. INTC   | Score:    5962.61 | Momentum:  -10.21% | Vol:  441.3M | Volatility:   1.3% | Price: $   87.50
2026-08-24 11:43:13,236 |     1. INTC   | Score:    5962.61 | Momentum:  -10.21% | Vol:  441.3M | Volatility:   1.3% | Price: $   87.50
2026-08-24 11:43:13,236 |     2. COIN   | Score:    3567.52 | Momentum:  +23.27% | Vol:   64.1M | Volatility:   2.4% | Price: $  184.99
2026-08-24 11:43:13,236 |     2. COIN   | Score:    3567.52 | Momentum:  +23.27% | Vol:   64.1M | Volatility:   2.4% | Price: $  184.99
2026-08-24 11:43:13,236 |     3. WMT    | Score:    2768.76 | Momentum:   -8.77% | Vol:  178.7M | Volatility:   1.8% | Price: $  105.31
2026-08-24 11:43:13,236 |     3. WMT    | Score:    2768.76 | Momentum:   -8.77% | Vol:  178.7M | Volatility:   1.8% | Price: $  105.31
2026-08-24 11:43:13,236 |     4. NVDA   | Score:    1946.18 | Momentum:   -4.43% | Vol:  762.8M | Volatility:   0.6% | Price: $  210.22
2026-08-24 11:43:13,236 |     4. NVDA   | Score:    1946.18 | Momentum:   -4.43% | Vol:  762.8M | Volatility:   0.6% | Price: $  210.22
2026-08-24 11:43:13,236 |     5. RIVN   | Score:    1557.12 | Momentum:  +14.76% | Vol:  101.1M | Volatility:   1.0% | Price: $   16.72
2026-08-24 11:43:13,236 |     5. RIVN   | Score:    1557.12 | Momentum:  +14.76% | Vol:  101.1M | Volatility:   1.0% | Price: $   16.72
2026-08-24 11:43:13,236 |     6. TSLA   | Score:    1497.29 | Momentum:   +5.39% | Vol:  233.6M | Volatility:   1.2% | Price: $  355.03
2026-08-24 11:43:13,236 |     6. TSLA   | Score:    1497.29 | Momentum:   +5.39% | Vol:  233.6M | Volatility:   1.2% | Price: $  355.03
2026-08-24 11:43:13,237 |     7. CMG    | Score:    1040.01 | Momentum:  +12.55% | Vol:   69.5M | Volatility:   1.2% | Price: $   37.94
2026-08-24 11:43:13,237 |     7. CMG    | Score:    1040.01 | Momentum:  +12.55% | Vol:   69.5M | Volatility:   1.2% | Price: $   37.94
2026-08-24 11:43:13,237 |     8. MU     | Score:     983.83 | Momentum:   -4.37% | Vol:  140.9M | Volatility:   1.6% | Price: $  915.76
2026-08-24 11:43:13,237 |     8. MU     | Score:     983.83 | Momentum:   -4.37% | Vol:  140.9M | Volatility:   1.6% | Price: $  915.76
2026-08-24 11:43:13,237 |     9. BABA   | Score:     958.01 | Momentum:   -6.38% | Vol:   95.3M | Volatility:   1.6% | Price: $  119.32
2026-08-24 11:43:13,237 |     9. BABA   | Score:     958.01 | Momentum:   -6.38% | Vol:   95.3M | Volatility:   1.6% | Price: $  119.32
2026-08-24 11:43:13,237 |    10. FSLY   | Score:     737.17 | Momentum:  -14.66% | Vol:   22.1M | Volatility:   2.3% | Price: $   23.41
2026-08-24 11:43:13,237 |    10. FSLY   | Score:     737.17 | Momentum:  -14.66% | Vol:   22.1M | Volatility:   2.3% | Price: $   23.41
2026-08-24 11:43:13,237 |    11. ARKG   | Score:     574.06 | Momentum:  +11.00% | Vol:   31.8M | Volatility:   1.6% | Price: $   48.08
2026-08-24 11:43:13,237 |    11. ARKG   | Score:     574.06 | Momentum:  +11.00% | Vol:   31.8M | Volatility:   1.6% | Price: $   48.08
2026-08-24 11:43:13,237 |    12. LCID   | Score:     507.89 | Momentum:  -12.87% | Vol:   39.3M | Volatility:   1.0% | Price: $    5.22
2026-08-24 11:43:13,237 |    12. LCID   | Score:     507.89 | Momentum:  -12.87% | Vol:   39.3M | Volatility:   1.0% | Price: $    5.22
2026-08-24 11:43:13,237 |    13. CRWD   | Score:     496.35 | Momentum:   -9.92% | Vol:   34.2M | Volatility:   1.5% | Price: $  190.24
2026-08-24 11:43:13,237 |    13. CRWD   | Score:     496.35 | Momentum:   -9.92% | Vol:   34.2M | Volatility:   1.5% | Price: $  190.24
2026-08-24 11:43:13,237 |    14. SNAP   | Score:     460.52 | Momentum:   +3.22% | Vol:  144.7M | Volatility:   1.0% | Price: $    5.45
2026-08-24 11:43:13,237 |    14. SNAP   | Score:     460.52 | Momentum:   +3.22% | Vol:  144.7M | Volatility:   1.0% | Price: $    5.45
2026-08-24 11:43:13,237 |    15. AMD    | Score:     379.23 | Momentum:   -4.64% | Vol:   81.5M | Volatility:   1.0% | Price: $  459.27
2026-08-24 11:43:13,237 |    15. AMD    | Score:     379.23 | Momentum:   -4.64% | Vol:   81.5M | Volatility:   1.0% | Price: $  459.27
2026-08-24 11:43:13,237 |    16. GLD    | Score:     348.51 | Momentum:   +6.04% | Vol:   76.7M | Volatility:   0.8% | Price: $  427.42
2026-08-24 11:43:13,237 |    16. GLD    | Score:     348.51 | Momentum:   +6.04% | Vol:   76.7M | Volatility:   0.8% | Price: $  427.42
2026-08-24 11:43:13,237 |    17. PLTR   | Score:     340.15 | Momentum:   +2.53% | Vol:  124.7M | Volatility:   1.1% | Price: $  177.60
2026-08-24 11:43:13,237 |    17. PLTR   | Score:     340.15 | Momentum:   +2.53% | Vol:  124.7M | Volatility:   1.1% | Price: $  177.60
2026-08-24 11:43:13,237 |    18. EWZ    | Score:     292.40 | Momentum:   +3.70% | Vol:   93.3M | Volatility:   0.8% | Price: $   35.33
2026-08-24 11:43:13,237 |    18. EWZ    | Score:     292.40 | Momentum:   +3.70% | Vol:   93.3M | Volatility:   0.8% | Price: $   35.33
2026-08-24 11:43:13,237 |    19. CRM    | Score:     231.86 | Momentum:   +6.57% | Vol:   42.5M | Volatility:   0.8% | Price: $  209.30
2026-08-24 11:43:13,237 |    19. CRM    | Score:     231.86 | Momentum:   +6.57% | Vol:   42.5M | Volatility:   0.8% | Price: $  209.30
2026-08-24 11:43:13,237 |    20. XPEV   | Score:     226.23 | Momentum:   -4.27% | Vol:   37.3M | Volatility:   1.4% | Price: $   11.32
2026-08-24 11:43:13,237 |    20. XPEV   | Score:     226.23 | Momentum:   -4.27% | Vol:   37.3M | Volatility:   1.4% | Price: $   11.32
2026-08-24 11:43:13,237 |    ... and 76 more
2026-08-24 11:43:13,237 |    ... and 76 more
2026-08-24 11:43:13,238 | ================================================================================
2026-08-24 11:43:13,238 | ================================================================================
2026-08-24 11:43:13,238 | FILTERING BY MARKET CAP (min: $10.0B, vol: 1.0M)
2026-08-24 11:43:13,238 | FILTERING BY MARKET CAP (min: $10.0B, vol: 1.0M)
2026-08-24 11:43:13,238 | ================================================================================
2026-08-24 11:43:13,238 | ================================================================================
2026-08-24 11:43:14,450 | ✅ [  1/96] INTC   | Cap: $459.72B | Vol:  119.1M | Price: $    0.00
2026-08-24 11:43:14,450 | ✅ [  1/96] INTC   | Cap: $459.72B | Vol:  119.1M | Price: $    0.00
2026-08-24 11:43:15,562 | ✅ [  2/96] COIN   | Cap: $ 48.81B | Vol:    8.5M | Price: $    0.00
2026-08-24 11:43:15,562 | ✅ [  2/96] COIN   | Cap: $ 48.81B | Vol:    8.5M | Price: $    0.00
2026-08-24 11:43:16,509 | ✅ [  3/96] WMT    | Cap: $838.07B | Vol:   24.7M | Price: $    0.00
2026-08-24 11:43:16,509 | ✅ [  3/96] WMT    | Cap: $838.07B | Vol:   24.7M | Price: $    0.00
2026-08-24 11:43:17,366 | ✅ [  4/96] NVDA   | Cap: $5090.77B | Vol:  140.6M | Price: $    0.00
2026-08-24 11:43:17,366 | ✅ [  4/96] NVDA   | Cap: $5090.77B | Vol:  140.6M | Price: $    0.00
2026-08-24 11:43:18,364 | ✅ [  5/96] RIVN   | Cap: $ 24.20B | Vol:   32.6M | Price: $    0.00
2026-08-24 11:43:18,364 | ✅ [  5/96] RIVN   | Cap: $ 24.20B | Vol:   32.6M | Price: $    0.00
2026-08-24 11:43:19,258 | ✅ [  6/96] TSLA   | Cap: $1402.37B | Vol:   42.1M | Price: $    0.00
2026-08-24 11:43:19,258 | ✅ [  6/96] TSLA   | Cap: $1402.37B | Vol:   42.1M | Price: $    0.00
2026-08-24 11:43:20,352 | ✅ [  7/96] CMG    | Cap: $ 48.10B | Vol:   20.1M | Price: $    0.00
2026-08-24 11:43:20,352 | ✅ [  7/96] CMG    | Cap: $ 48.10B | Vol:   20.1M | Price: $    0.00
2026-08-24 11:43:21,320 | ✅ [  8/96] MU     | Cap: $1034.64B | Vol:   48.2M | Price: $    0.00
2026-08-24 11:43:21,320 | ✅ [  8/96] MU     | Cap: $1034.64B | Vol:   48.2M | Price: $    0.00
2026-08-24 11:43:22,687 | ✅ [  9/96] BABA   | Cap: $285.97B | Vol:   12.3M | Price: $    0.00
2026-08-24 11:43:22,687 | ✅ [  9/96] BABA   | Cap: $285.97B | Vol:   12.3M | Price: $    0.00
2026-08-24 11:43:27,998 | ✅ [ 13/96] CRWD   | Cap: $193.70B | Vol:   10.7M | Price: $    0.00
2026-08-24 11:43:27,998 | ✅ [ 13/96] CRWD   | Cap: $193.70B | Vol:   10.7M | Price: $    0.00
2026-08-24 11:43:29,862 | ✅ [ 15/96] AMD    | Cap: $750.21B | Vol:   28.8M | Price: $    0.00
2026-08-24 11:43:29,862 | ✅ [ 15/96] AMD    | Cap: $750.21B | Vol:   28.8M | Price: $    0.00
2026-08-24 11:43:33,075 | ✅ [ 17/96] PLTR   | Cap: $426.69B | Vol:   43.2M | Price: $    0.00
2026-08-24 11:43:33,075 | ✅ [ 17/96] PLTR   | Cap: $426.69B | Vol:   43.2M | Price: $    0.00
2026-08-24 11:43:36,372 | ✅ [ 19/96] CRM    | Cap: $171.46B | Vol:   14.9M | Price: $    0.00
2026-08-24 11:43:36,372 | ✅ [ 19/96] CRM    | Cap: $171.46B | Vol:   14.9M | Price: $    0.00
2026-08-24 11:43:37,306 | ✅ [ 20/96] XPEV   | Cap: $ 10.82B | Vol:    7.2M | Price: $    0.00
2026-08-24 11:43:37,306 | ✅ [ 20/96] XPEV   | Cap: $ 10.82B | Vol:    7.2M | Price: $    0.00
2026-08-24 11:43:38,425 | ✅ [ 21/96] CPNG   | Cap: $ 29.60B | Vol:   21.6M | Price: $    0.00
2026-08-24 11:43:38,425 | ✅ [ 21/96] CPNG   | Cap: $ 29.60B | Vol:   21.6M | Price: $    0.00
2026-08-24 11:43:39,368 | ✅ [ 22/96] NIO    | Cap: $ 11.05B | Vol:   29.7M | Price: $    0.00
2026-08-24 11:43:39,368 | ✅ [ 22/96] NIO    | Cap: $ 11.05B | Vol:   29.7M | Price: $    0.00
2026-08-24 11:43:40,334 | ✅ [ 23/96] NFLX   | Cap: $333.91B | Vol:   42.6M | Price: $    0.00
2026-08-24 11:43:40,334 | ✅ [ 23/96] NFLX   | Cap: $333.91B | Vol:   42.6M | Price: $    0.00
2026-08-24 11:43:45,215 | ✅ [ 26/96] KO     | Cap: $394.91B | Vol:   17.6M | Price: $    0.00
2026-08-24 11:43:45,215 | ✅ [ 26/96] KO     | Cap: $394.91B | Vol:   17.6M | Price: $    0.00
2026-08-24 11:43:46,271 | ✅ [ 27/96] T      | Cap: $175.93B | Vol:   62.9M | Price: $    0.00
2026-08-24 11:43:46,271 | ✅ [ 27/96] T      | Cap: $175.93B | Vol:   62.9M | Price: $    0.00
2026-08-24 11:43:47,433 | ✅ [ 28/96] OKTA   | Cap: $ 22.71B | Vol:    3.6M | Price: $    0.00
2026-08-24 11:43:47,433 | ✅ [ 28/96] OKTA   | Cap: $ 22.71B | Vol:    3.6M | Price: $    0.00
2026-08-24 11:43:50,214 | ✅ [ 30/96] AAPL   | Cap: $4557.33B | Vol:   56.4M | Price: $    0.00
2026-08-24 11:43:50,214 | ✅ [ 30/96] AAPL   | Cap: $4557.33B | Vol:   56.4M | Price: $    0.00
2026-08-24 11:43:51,264 | ✅ [ 31/96] DDOG   | Cap: $ 81.98B | Vol:    5.2M | Price: $    0.00
2026-08-24 11:43:51,264 | ✅ [ 31/96] DDOG   | Cap: $ 81.98B | Vol:    5.2M | Price: $    0.00
2026-08-24 11:43:52,160 | ✅ [ 32/96] RBLX   | Cap: $ 27.93B | Vol:   11.9M | Price: $    0.00
2026-08-24 11:43:52,160 | ✅ [ 32/96] RBLX   | Cap: $ 27.93B | Vol:   11.9M | Price: $    0.00
2026-08-24 11:43:53,257 | ✅ [ 33/96] UBER   | Cap: $160.17B | Vol:   20.7M | Price: $    0.00
2026-08-24 11:43:53,257 | ✅ [ 33/96] UBER   | Cap: $160.17B | Vol:   20.7M | Price: $    0.00
2026-08-24 11:43:54,165 | ✅ [ 34/96] GOOGL  | Cap: $4293.44B | Vol:   32.0M | Price: $    0.00
2026-08-24 11:43:54,165 | ✅ [ 34/96] GOOGL  | Cap: $4293.44B | Vol:   32.0M | Price: $    0.00
2026-08-24 11:43:55,212 | ✅ [ 35/96] BA     | Cap: $165.22B | Vol:    5.9M | Price: $    0.00
2026-08-24 11:43:55,212 | ✅ [ 35/96] BA     | Cap: $165.22B | Vol:    5.9M | Price: $    0.00
2026-08-24 11:43:56,159 | ✅ [ 36/96] F      | Cap: $ 55.43B | Vol:   56.6M | Price: $    0.00
2026-08-24 11:43:56,159 | ✅ [ 36/96] F      | Cap: $ 55.43B | Vol:   56.6M | Price: $    0.00
2026-08-24 11:43:57,632 | ✅ [ 37/96] NET    | Cap: $101.21B | Vol:    3.7M | Price: $    0.00
2026-08-24 11:43:57,632 | ✅ [ 37/96] NET    | Cap: $101.21B | Vol:    3.7M | Price: $    0.00
2026-08-24 11:44:00,667 | ✅ [ 39/96] VZ     | Cap: $208.20B | Vol:   27.0M | Price: $    0.00
2026-08-24 11:44:00,667 | ✅ [ 39/96] VZ     | Cap: $208.20B | Vol:   27.0M | Price: $    0.00
2026-08-24 11:44:03,805 | ✅ [ 41/96] V      | Cap: $709.84B | Vol:    8.1M | Price: $    0.00
2026-08-24 11:44:03,805 | ✅ [ 41/96] V      | Cap: $709.84B | Vol:    8.1M | Price: $    0.00
2026-08-24 11:44:04,719 | ✅ [ 42/96] AMZN   | Cap: $2837.56B | Vol:   49.7M | Price: $    0.00
2026-08-24 11:44:04,719 | ✅ [ 42/96] AMZN   | Cap: $2837.56B | Vol:   49.7M | Price: $    0.00
2026-08-24 11:44:05,785 | ✅ [ 43/96] INTU   | Cap: $101.15B | Vol:    5.1M | Price: $    0.00
2026-08-24 11:44:05,785 | ✅ [ 43/96] INTU   | Cap: $101.15B | Vol:    5.1M | Price: $    0.00
2026-08-24 11:44:06,673 | ✅ [ 44/96] ADBE   | Cap: $109.45B | Vol:    6.4M | Price: $    0.00
2026-08-24 11:44:06,673 | ✅ [ 44/96] ADBE   | Cap: $109.45B | Vol:    6.4M | Price: $    0.00
2026-08-24 11:44:07,647 | ✅ [ 45/96] ABT    | Cap: $202.25B | Vol:   11.9M | Price: $    0.00
2026-08-24 11:44:07,647 | ✅ [ 45/96] ABT    | Cap: $202.25B | Vol:   11.9M | Price: $    0.00
2026-08-24 11:44:09,517 | ✅ [ 47/96] ABNB   | Cap: $112.49B | Vol:    4.2M | Price: $    0.00
2026-08-24 11:44:09,517 | ✅ [ 47/96] ABNB   | Cap: $112.49B | Vol:    4.2M | Price: $    0.00
2026-08-24 11:44:10,350 | ✅ [ 48/96] DASH   | Cap: $ 99.93B | Vol:    4.6M | Price: $    0.00
2026-08-24 11:44:10,350 | ✅ [ 48/96] DASH   | Cap: $ 99.93B | Vol:    4.6M | Price: $    0.00
2026-08-24 11:44:11,458 | ✅ [ 49/96] GM     | Cap: $ 78.30B | Vol:    7.5M | Price: $    0.00
2026-08-24 11:44:11,458 | ✅ [ 49/96] GM     | Cap: $ 78.30B | Vol:    7.5M | Price: $    0.00
2026-08-24 11:44:12,396 | ✅ [ 50/96] MSFT   | Cap: $3631.49B | Vol:   39.6M | Price: $    0.00
2026-08-24 11:44:12,396 | ✅ [ 50/96] MSFT   | Cap: $3631.49B | Vol:   39.6M | Price: $    0.00
2026-08-24 11:44:19,298 | ✅ [ 54/96] META   | Cap: $1415.37B | Vol:   18.5M | Price: $    0.00
2026-08-24 11:44:19,298 | ✅ [ 54/96] META   | Cap: $1415.37B | Vol:   18.5M | Price: $    0.00
2026-08-24 11:44:20,261 | ✅ [ 55/96] LLY    | Cap: $1108.99B | Vol:    3.0M | Price: $    0.00
2026-08-24 11:44:20,261 | ✅ [ 55/96] LLY    | Cap: $1108.99B | Vol:    3.0M | Price: $    0.00
2026-08-24 11:44:21,219 | ✅ [ 56/96] PG     | Cap: $338.90B | Vol:    9.2M | Price: $    0.00
2026-08-24 11:44:21,219 | ✅ [ 56/96] PG     | Cap: $338.90B | Vol:    9.2M | Price: $    0.00
2026-08-24 11:44:29,616 | ✅ [ 61/96] JNJ    | Cap: $659.16B | Vol:    8.0M | Price: $    0.00
2026-08-24 11:44:29,616 | ✅ [ 61/96] JNJ    | Cap: $659.16B | Vol:    8.0M | Price: $    0.00
2026-08-24 11:44:30,520 | ✅ [ 62/96] BKNG   | Cap: $160.13B | Vol:    7.0M | Price: $    0.00
2026-08-24 11:44:30,520 | ✅ [ 62/96] BKNG   | Cap: $160.13B | Vol:    7.0M | Price: $    0.00
2026-08-24 11:44:31,682 | ✅ [ 63/96] JD     | Cap: $ 39.37B | Vol:    8.6M | Price: $    0.00
2026-08-24 11:44:31,682 | ✅ [ 63/96] JD     | Cap: $ 39.37B | Vol:    8.6M | Price: $    0.00
2026-08-24 11:44:34,457 | ✅ [ 65/96] PYPL   | Cap: $ 52.94B | Vol:   15.9M | Price: $    0.00
2026-08-24 11:44:34,457 | ✅ [ 65/96] PYPL   | Cap: $ 52.94B | Vol:   15.9M | Price: $    0.00
2026-08-24 11:44:39,395 | ✅ [ 68/96] XOM    | Cap: $669.89B | Vol:   15.8M | Price: $    0.00
2026-08-24 11:44:39,395 | ✅ [ 68/96] XOM    | Cap: $669.89B | Vol:   15.8M | Price: $    0.00
2026-08-24 11:44:42,037 | ✅ [ 70/96] ZM     | Cap: $ 30.40B | Vol:    3.7M | Price: $    0.00
2026-08-24 11:44:42,037 | ✅ [ 70/96] ZM     | Cap: $ 30.40B | Vol:    3.7M | Price: $    0.00
2026-08-24 11:44:42,915 | ✅ [ 71/96] PINS   | Cap: $ 13.24B | Vol:   15.1M | Price: $    0.00
2026-08-24 11:44:42,915 | ✅ [ 71/96] PINS   | Cap: $ 13.24B | Vol:   15.1M | Price: $    0.00
2026-08-24 11:44:47,388 | ✅ [ 74/96] JPM    | Cap: $945.68B | Vol:    8.8M | Price: $    0.00
2026-08-24 11:44:47,388 | ✅ [ 74/96] JPM    | Cap: $945.68B | Vol:    8.8M | Price: $    0.00
2026-08-24 11:44:48,451 | ✅ [ 75/96] MCD    | Cap: $193.07B | Vol:    4.6M | Price: $    0.00
2026-08-24 11:44:48,451 | ✅ [ 75/96] MCD    | Cap: $193.07B | Vol:    4.6M | Price: $    0.00
2026-08-24 11:44:49,655 | ✅ [ 76/96] CSCO   | Cap: $436.83B | Vol:   23.9M | Price: $    0.00
2026-08-24 11:44:49,655 | ✅ [ 76/96] CSCO   | Cap: $436.83B | Vol:   23.9M | Price: $    0.00
2026-08-24 11:44:50,844 | ✅ [ 77/96] CVX    | Cap: $398.13B | Vol:    8.7M | Price: $    0.00
2026-08-24 11:44:50,844 | ✅ [ 77/96] CVX    | Cap: $398.13B | Vol:    8.7M | Price: $    0.00
2026-08-24 11:44:57,619 | ✅ [ 81/96] IBM    | Cap: $219.58B | Vol:   10.8M | Price: $    0.00
2026-08-24 11:44:57,619 | ✅ [ 81/96] IBM    | Cap: $219.58B | Vol:   10.8M | Price: $    0.00
2026-08-24 11:44:58,647 | ✅ [ 82/96] SNOW   | Cap: $113.16B | Vol:    7.1M | Price: $    0.00
2026-08-24 11:44:58,647 | ✅ [ 82/96] SNOW   | Cap: $113.16B | Vol:    7.1M | Price: $    0.00
2026-08-24 11:44:59,609 | ✅ [ 83/96] PDD    | Cap: $123.98B | Vol:    8.6M | Price: $    0.00
2026-08-24 11:44:59,609 | ✅ [ 83/96] PDD    | Cap: $123.98B | Vol:    8.6M | Price: $    0.00
2026-08-24 11:45:00,499 | ✅ [ 84/96] SHOP   | Cap: $192.51B | Vol:    9.4M | Price: $    0.00
2026-08-24 11:45:00,499 | ✅ [ 84/96] SHOP   | Cap: $192.51B | Vol:    9.4M | Price: $    0.00
2026-08-24 11:45:03,403 | ✅ [ 86/96] SBUX   | Cap: $122.82B | Vol:    7.5M | Price: $    0.00
2026-08-24 11:45:03,403 | ✅ [ 86/96] SBUX   | Cap: $122.82B | Vol:    7.5M | Price: $    0.00
2026-08-24 11:45:04,367 | ✅ [ 87/96] U      | Cap: $ 20.32B | Vol:    9.6M | Price: $    0.00
2026-08-24 11:45:04,367 | ✅ [ 87/96] U      | Cap: $ 20.32B | Vol:    9.6M | Price: $    0.00
2026-08-24 11:45:09,607 | ✅ [ 90/96] QCOM   | Cap: $166.16B | Vol:   16.8M | Price: $    0.00
2026-08-24 11:45:09,607 | ✅ [ 90/96] QCOM   | Cap: $166.16B | Vol:   16.8M | Price: $    0.00
2026-08-24 11:45:14,581 | ✅ [ 93/96] BRK-B  | Cap: $1073.27B | Vol:    4.8M | Price: $    0.00
2026-08-24 11:45:14,581 | ✅ [ 93/96] BRK-B  | Cap: $1073.27B | Vol:    4.8M | Price: $    0.00
2026-08-24 11:45:15,712 | ✅ [ 94/96] AXP    | Cap: $228.46B | Vol:    3.0M | Price: $    0.00
2026-08-24 11:45:15,712 | ✅ [ 94/96] AXP    | Cap: $228.46B | Vol:    3.0M | Price: $    0.00
2026-08-24 11:45:19,409 | ================================================================================
2026-08-24 11:45:19,409 | ================================================================================
2026-08-24 11:45:19,409 | ✅ FILTERED: 96 → 61 symbols
2026-08-24 11:45:19,409 | ✅ FILTERED: 96 → 61 symbols
2026-08-24 11:45:19,409 |    Passed: 61 | Skipped: 35
2026-08-24 11:45:19,409 |    Passed: 61 | Skipped: 35
2026-08-24 11:45:19,409 | ================================================================================
2026-08-24 11:45:19,409 | ================================================================================
2026-08-24 11:45:19,409 | ✅ Ready to scan 50 liquid, established equities

2026-08-24 11:45:19,409 | ✅ Ready to scan 50 liquid, established equities

2026-08-24 11:45:19,409 | ================================================================================

2026-08-24 11:45:19,409 | ================================================================================

2026-08-24 11:45:19,409 | ================================================================================
2026-08-24 11:45:19,409 | ================================================================================
2026-08-24 11:45:19,409 | CYCLE | 2026-08-24 11:45:19 | PRODUCTION BOT
2026-08-24 11:45:19,409 | CYCLE | 2026-08-24 11:45:19 | PRODUCTION BOT
2026-08-24 11:45:19,409 | Scanning 50 symbols
2026-08-24 11:45:19,409 | Scanning 50 symbols
2026-08-24 11:45:19,409 | ================================================================================
2026-08-24 11:45:19,409 | ================================================================================
2026-08-24 11:45:19,740 | ✅ [ 1/50] INTC   | ADX:    7.7 | Stoch:   10.3
2026-08-24 11:45:19,740 | ✅ [ 1/50] INTC   | ADX:    7.7 | Stoch:   10.3
2026-08-24 11:45:20,077 | ✅ [ 2/50] COIN   | ADX:   15.2 | Stoch:   85.5
2026-08-24 11:45:20,077 | ✅ [ 2/50] COIN   | ADX:   15.2 | Stoch:   85.5
2026-08-24 11:45:20,439 | ✅ [ 3/50] WMT    | ADX:   12.8 | Stoch:   22.1
2026-08-24 11:45:20,439 | ✅ [ 3/50] WMT    | ADX:   12.8 | Stoch:   22.1
2026-08-24 11:45:20,746 | ✅ [ 4/50] NVDA   | ADX:   15.1 | Stoch:    8.4
2026-08-24 11:45:20,746 | ✅ [ 4/50] NVDA   | ADX:   15.1 | Stoch:    8.4
2026-08-24 11:45:21,048 | ✅ [ 5/50] RIVN   | ADX:   11.8 | Stoch:   83.7
2026-08-24 11:45:21,048 | ✅ [ 5/50] RIVN   | ADX:   11.8 | Stoch:   83.7
2026-08-24 11:45:21,332 | ✅ [ 6/50] TSLA   | ADX:   23.5 | Stoch:   77.3
2026-08-24 11:45:21,332 | ✅ [ 6/50] TSLA   | ADX:   23.5 | Stoch:   77.3
2026-08-24 11:45:21,639 | ✅ [ 7/50] CMG    | ADX:    7.2 | Stoch:   97.8
2026-08-24 11:45:21,639 | ✅ [ 7/50] CMG    | ADX:    7.2 | Stoch:   97.8
2026-08-24 11:45:22,035 | ✅ [ 8/50] MU     | ADX:    8.3 | Stoch:   42.7
2026-08-24 11:45:22,035 | ✅ [ 8/50] MU     | ADX:    8.3 | Stoch:   42.7
2026-08-24 11:45:22,355 | ✅ [ 9/50] BABA   | ADX:   22.4 | Stoch:   17.9
2026-08-24 11:45:22,355 | ✅ [ 9/50] BABA   | ADX:   22.4 | Stoch:   17.9
2026-08-24 11:45:22,686 | ✅ [10/50] CRWD   | ADX:   21.0 | Stoch:    9.3
2026-08-24 11:45:22,686 | ✅ [10/50] CRWD   | ADX:   21.0 | Stoch:    9.3
2026-08-24 11:45:22,995 | ✅ [11/50] AMD    | ADX:    7.7 | Stoch:   12.9
2026-08-24 11:45:22,995 | ✅ [11/50] AMD    | ADX:    7.7 | Stoch:   12.9
2026-08-24 11:45:23,274 | ✅ [12/50] PLTR   | ADX:   36.4 | Stoch:   83.7
2026-08-24 11:45:23,274 | ✅ [12/50] PLTR   | ADX:   36.4 | Stoch:   83.7
2026-08-24 11:45:23,613 | ✅ [13/50] CRM    | ADX:   20.0 | Stoch:   88.2
2026-08-24 11:45:23,613 | ✅ [13/50] CRM    | ADX:   20.0 | Stoch:   88.2
2026-08-24 11:45:23,926 | ✅ [14/50] XPEV   | ADX:   15.6 | Stoch:    4.2
2026-08-24 11:45:23,926 | ✅ [14/50] XPEV   | ADX:   15.6 | Stoch:    4.2
2026-08-24 11:45:24,252 | ✅ [15/50] CPNG   | ADX:    6.9 | Stoch:   67.7
2026-08-24 11:45:24,252 | ✅ [15/50] CPNG   | ADX:    6.9 | Stoch:   67.7
2026-08-24 11:45:24,538 | ✅ [16/50] NIO    | ADX:    7.2 | Stoch:    2.1
2026-08-24 11:45:24,538 | ✅ [16/50] NIO    | ADX:    7.2 | Stoch:    2.1
2026-08-24 11:45:24,870 | ✅ [17/50] NFLX   | ADX:   22.5 | Stoch:   88.0
2026-08-24 11:45:24,870 | ✅ [17/50] NFLX   | ADX:   22.5 | Stoch:   88.0
2026-08-24 11:45:25,254 | ✅ [18/50] KO     | ADX:   20.2 | Stoch:   89.4
2026-08-24 11:45:25,254 | ✅ [18/50] KO     | ADX:   20.2 | Stoch:   89.4
2026-08-24 11:45:25,582 | ✅ [19/50] T      | ADX:   14.8 | Stoch:   97.6
2026-08-24 11:45:25,582 | ✅ [19/50] T      | ADX:   14.8 | Stoch:   97.6
2026-08-24 11:45:25,891 | ✅ [20/50] OKTA   | ADX:   10.1 | Stoch:    4.5
2026-08-24 11:45:25,891 | ✅ [20/50] OKTA   | ADX:   10.1 | Stoch:    4.5
2026-08-24 11:45:26,227 | ✅ [21/50] AAPL   | ADX:   18.1 | Stoch:   59.5
2026-08-24 11:45:26,227 | ✅ [21/50] AAPL   | ADX:   18.1 | Stoch:   59.5
2026-08-24 11:45:26,557 | ✅ [22/50] DDOG   | ADX:   10.1 | Stoch:    4.7
2026-08-24 11:45:26,557 | ✅ [22/50] DDOG   | ADX:   10.1 | Stoch:    4.7
2026-08-24 11:45:26,892 | ✅ [23/50] RBLX   | ADX:   28.2 | Stoch:   79.7
2026-08-24 11:45:26,892 | ✅ [23/50] RBLX   | ADX:   28.2 | Stoch:   79.7
2026-08-24 11:45:27,207 | ✅ [24/50] UBER   | ADX:   13.4 | Stoch:   86.9
2026-08-24 11:45:27,207 | ✅ [24/50] UBER   | ADX:   13.4 | Stoch:   86.9
2026-08-24 11:45:27,584 | ✅ [25/50] GOOGL  | ADX:   12.8 | Stoch:   27.2
2026-08-24 11:45:27,584 | ✅ [25/50] GOOGL  | ADX:   12.8 | Stoch:   27.2
2026-08-24 11:45:27,976 | ✅ [26/50] BA     | ADX:   18.2 | Stoch:    1.6
2026-08-24 11:45:27,976 | ✅ [26/50] BA     | ADX:   18.2 | Stoch:    1.6
2026-08-24 11:45:28,323 | ✅ [27/50] F      | ADX:    7.2 | Stoch:   30.3
2026-08-24 11:45:28,323 | ✅ [27/50] F      | ADX:    7.2 | Stoch:   30.3
2026-08-24 11:45:28,925 | ✅ [28/50] NET    | ADX:   16.6 | Stoch:   18.2
2026-08-24 11:45:28,925 | ✅ [28/50] NET    | ADX:   16.6 | Stoch:   18.2
2026-08-24 11:45:29,323 | ✅ [29/50] VZ     | ADX:    7.8 | Stoch:   97.0
2026-08-24 11:45:29,323 | ✅ [29/50] VZ     | ADX:    7.8 | Stoch:   97.0
2026-08-24 11:45:29,734 | ✅ [30/50] V      | ADX:    4.2 | Stoch:   92.8
2026-08-24 11:45:29,734 | ✅ [30/50] V      | ADX:    4.2 | Stoch:   92.8
2026-08-24 11:45:30,209 | ✅ [31/50] AMZN   | ADX:   21.4 | Stoch:   23.8
2026-08-24 11:45:30,209 | ✅ [31/50] AMZN   | ADX:   21.4 | Stoch:   23.8
2026-08-24 11:45:30,210 | 🎯 SIGNAL: AMZN BUY 1 @ $263.17
2026-08-24 11:45:30,210 | 🎯 SIGNAL: AMZN BUY 1 @ $263.17
2026-08-24 11:45:31,004 |    Response: {'jsonrpc': '2.0', 'id': 2, 'result': {'content': [{'type': 'text', 'text': '{"data":{"order":{"id":"6a8c752a-84c8-44f1-a187-12fbc15fd24a","instrument_id":"c0bb3aec-bd1e-471e-a4f0-ca011cbec711","symbol":"","side":"buy","type":"market","state":"unconfirmed","quantity":"1.000000","cumulative_quantity":"0.000000","price":"263.180000","stop_price":null,"average_price":null,"fees":"0.000000","dollar_based_amount":null,"time_in_force":"gfd","market_hours":"regular_hours","trigger":"immediate","placed_agent":"agentic","created_at":"2026-08-24T16:45:30.784325Z","last_transaction_at":"2026-08-24T16:45:30.784325Z","executions":[]}},"guide":"The order has been submitted â\x80\x94 not necessarily filled. Describe with state. Tell the user the order was placed and summarize symbol, side, type, quantity (or dollar_based_amount), and limit/stop prices; remind them it may not have filled yet and that they can check status or cancel via id. On error, the order was NOT placed â\x80\x94 report the error verbatim."}'}], 'structuredContent': {'data': {'order': {'id': '6a8c752a-84c8-44f1-a187-12fbc15fd24a', 'instrument_id': 'c0bb3aec-bd1e-471e-a4f0-ca011cbec711', 'symbol': '', 'side': 'buy', 'type': 'market', 'state': 'unconfirmed', 'quantity': '1.000000', 'cumulative_quantity': '0.000000', 'price': '263.180000', 'stop_price': None, 'average_price': None, 'fees': '0.000000', 'dollar_based_amount': None, 'time_in_force': 'gfd', 'market_hours': 'regular_hours', 'trigger': 'immediate', 'placed_agent': 'agentic', 'created_at': '2026-08-24T16:45:30.784325Z', 'last_transaction_at': '2026-08-24T16:45:30.784325Z', 'executions': []}}, 'guide': 'The order has been submitted â\x80\x94 not necessarily filled. Describe with state. Tell the user the order was placed and summarize symbol, side, type, quantity (or dollar_based_amount), and limit/stop prices; remind them it may not have filled yet and that they can check status or cancel via id. On error, the order was NOT placed â\x80\x94 report the error verbatim.'}}}
2026-08-24 11:45:31,004 |    Response: {'jsonrpc': '2.0', 'id': 2, 'result': {'content': [{'type': 'text', 'text': '{"data":{"order":{"id":"6a8c752a-84c8-44f1-a187-12fbc15fd24a","instrument_id":"c0bb3aec-bd1e-471e-a4f0-ca011cbec711","symbol":"","side":"buy","type":"market","state":"unconfirmed","quantity":"1.000000","cumulative_quantity":"0.000000","price":"263.180000","stop_price":null,"average_price":null,"fees":"0.000000","dollar_based_amount":null,"time_in_force":"gfd","market_hours":"regular_hours","trigger":"immediate","placed_agent":"agentic","created_at":"2026-08-24T16:45:30.784325Z","last_transaction_at":"2026-08-24T16:45:30.784325Z","executions":[]}},"guide":"The order has been submitted â\x80\x94 not necessarily filled. Describe with state. Tell the user the order was placed and summarize symbol, side, type, quantity (or dollar_based_amount), and limit/stop prices; remind them it may not have filled yet and that they can check status or cancel via id. On error, the order was NOT placed â\x80\x94 report the error verbatim."}'}], 'structuredContent': {'data': {'order': {'id': '6a8c752a-84c8-44f1-a187-12fbc15fd24a', 'instrument_id': 'c0bb3aec-bd1e-471e-a4f0-ca011cbec711', 'symbol': '', 'side': 'buy', 'type': 'market', 'state': 'unconfirmed', 'quantity': '1.000000', 'cumulative_quantity': '0.000000', 'price': '263.180000', 'stop_price': None, 'average_price': None, 'fees': '0.000000', 'dollar_based_amount': None, 'time_in_force': 'gfd', 'market_hours': 'regular_hours', 'trigger': 'immediate', 'placed_agent': 'agentic', 'created_at': '2026-08-24T16:45:30.784325Z', 'last_transaction_at': '2026-08-24T16:45:30.784325Z', 'executions': []}}, 'guide': 'The order has been submitted â\x80\x94 not necessarily filled. Describe with state. Tell the user the order was placed and summarize symbol, side, type, quantity (or dollar_based_amount), and limit/stop prices; remind them it may not have filled yet and that they can check status or cancel via id. On error, the order was NOT placed â\x80\x94 report the error verbatim.'}}}
2026-08-24 11:45:31,366 | ✅ [32/50] INTU   | ADX:   23.2 | Stoch:   95.0
2026-08-24 11:45:31,366 | ✅ [32/50] INTU   | ADX:   23.2 | Stoch:   95.0
2026-08-24 11:45:31,687 | ✅ [33/50] ADBE   | ADX:   16.3 | Stoch:   87.3
2026-08-24 11:45:31,687 | ✅ [33/50] ADBE   | ADX:   16.3 | Stoch:   87.3
2026-08-24 11:45:31,991 | ✅ [34/50] ABT    | ADX:   19.0 | Stoch:   96.4
2026-08-24 11:45:31,991 | ✅ [34/50] ABT    | ADX:   19.0 | Stoch:   96.4
2026-08-24 11:45:32,377 | ✅ [35/50] ABNB   | ADX:   40.6 | Stoch:   94.4
2026-08-24 11:45:32,377 | ✅ [35/50] ABNB   | ADX:   40.6 | Stoch:   94.4
2026-08-24 11:45:32,678 | ✅ [36/50] DASH   | ADX:   24.7 | Stoch:   99.8
2026-08-24 11:45:32,678 | ✅ [36/50] DASH   | ADX:   24.7 | Stoch:   99.8
2026-08-24 11:45:32,983 | ✅ [37/50] GM     | ADX:   16.2 | Stoch:   47.4
2026-08-24 11:45:32,983 | ✅ [37/50] GM     | ADX:   16.2 | Stoch:   47.4
2026-08-24 11:45:33,296 | ✅ [38/50] MSFT   | ADX:   31.7 | Stoch:   35.0
2026-08-24 11:45:33,296 | ✅ [38/50] MSFT   | ADX:   31.7 | Stoch:   35.0
2026-08-24 11:45:33,643 | ✅ [39/50] META   | ADX:    8.9 | Stoch:   24.4
2026-08-24 11:45:33,643 | ✅ [39/50] META   | ADX:    8.9 | Stoch:   24.4
2026-08-24 11:45:34,007 | ✅ [40/50] LLY    | ADX:   14.4 | Stoch:   68.2
2026-08-24 11:45:34,007 | ✅ [40/50] LLY    | ADX:   14.4 | Stoch:   68.2
2026-08-24 11:45:34,358 | ✅ [41/50] PG     | ADX:    4.5 | Stoch:   56.6
2026-08-24 11:45:34,358 | ✅ [41/50] PG     | ADX:    4.5 | Stoch:   56.6
2026-08-24 11:45:34,769 | ✅ [42/50] JNJ    | ADX:   13.8 | Stoch:   85.9
2026-08-24 11:45:34,769 | ✅ [42/50] JNJ    | ADX:   13.8 | Stoch:   85.9
2026-08-24 11:45:35,093 | ✅ [43/50] BKNG   | ADX:   28.0 | Stoch:   77.8
2026-08-24 11:45:35,093 | ✅ [43/50] BKNG   | ADX:   28.0 | Stoch:   77.8
2026-08-24 11:45:35,652 | ✅ [44/50] JD     | ADX:   25.4 | Stoch:   15.9
2026-08-24 11:45:35,652 | ✅ [44/50] JD     | ADX:   25.4 | Stoch:   15.9
2026-08-24 11:45:35,986 | ✅ [45/50] PYPL   | ADX:   21.5 | Stoch:   83.1
2026-08-24 11:45:35,986 | ✅ [45/50] PYPL   | ADX:   21.5 | Stoch:   83.1
2026-08-24 11:45:36,364 | ✅ [46/50] XOM    | ADX:   10.8 | Stoch:   68.4
2026-08-24 11:45:36,364 | ✅ [46/50] XOM    | ADX:   10.8 | Stoch:   68.4
2026-08-24 11:45:36,694 | ✅ [47/50] ZM     | ADX:   32.9 | Stoch:   42.7
2026-08-24 11:45:36,694 | ✅ [47/50] ZM     | ADX:   32.9 | Stoch:   42.7
2026-08-24 11:45:36,978 | ✅ [48/50] PINS   | ADX:    5.8 | Stoch:   31.3
2026-08-24 11:45:36,978 | ✅ [48/50] PINS   | ADX:    5.8 | Stoch:   31.3
2026-08-24 11:45:37,577 | ✅ [49/50] JPM    | ADX:    8.8 | Stoch:   32.5
2026-08-24 11:45:37,577 | ✅ [49/50] JPM    | ADX:    8.8 | Stoch:   32.5
2026-08-24 11:45:37,930 | ✅ [50/50] MCD    | ADX:   10.4 | Stoch:   58.1
2026-08-24 11:45:37,930 | ✅ [50/50] MCD    | ADX:   10.4 | Stoch:   58.1
2026-08-24 11:45:37,930 | ================================================================================
2026-08-24 11:45:37,930 | ================================================================================
2026-08-24 11:45:37,930 | 📊 Analyzed: 50 | Skipped: 0 | Signals: 1
2026-08-24 11:45:37,930 | 📊 Analyzed: 50 | Skipped: 0 | Signals: 1
2026-08-24 11:45:37,930 |    Analyzed: INTC, COIN, WMT, NVDA, RIVN, TSLA, CMG, MU, BABA, CRWD, AMD, PLTR, CRM, XPEV, CPNG, NIO, NFLX, KO, T, OKTA +30
2026-08-24 11:45:37,930 |    Analyzed: INTC, COIN, WMT, NVDA, RIVN, TSLA, CMG, MU, BABA, CRWD, AMD, PLTR, CRM, XPEV, CPNG, NIO, NFLX, KO, T, OKTA +30
2026-08-24 11:45:37,930 | ================================================================================

2026-08-24 11:45:37,930 | ================================================================================

2026-08-24 11:45:37,934 | [*] MCP subprocess terminated
2026-08-24 11:45:37,934 | [*] MCP subprocess terminated
2026-08-24 12:40:14,375 | [+] MCP subprocess started (unbuffered)
2026-08-24 12:40:14,375 | [+] MCP subprocess started (unbuffered)
2026-08-24 12:40:14,554 | ✅ MCP initialized
2026-08-24 12:40:14,554 | ✅ MCP initialized
2026-08-24 12:40:14,555 | ================================================================================
2026-08-24 12:40:14,555 | ================================================================================
2026-08-24 12:40:14,555 | FETCHING SYMBOLS
2026-08-24 12:40:14,555 | FETCHING SYMBOLS
2026-08-24 12:40:14,555 | ================================================================================
2026-08-24 12:40:14,555 | ================================================================================
2026-08-24 12:40:14,555 | ================================================================================
2026-08-24 12:40:14,555 | ================================================================================
2026-08-24 12:40:14,555 | FETCHING TOP TRENDING SYMBOLS FROM YFINANCE
2026-08-24 12:40:14,555 | FETCHING TOP TRENDING SYMBOLS FROM YFINANCE
2026-08-24 12:40:14,555 | ================================================================================
2026-08-24 12:40:14,555 | ================================================================================
2026-08-24 12:40:14,555 | [*] Fetching top 100 trending symbols from yfinance...
2026-08-24 12:40:14,555 | [*] Fetching top 100 trending symbols from yfinance...
2026-08-24 12:40:14,555 |     Analyzing 100 popular stocks...
2026-08-24 12:40:14,555 |     Analyzing 100 popular stocks...
2026-08-24 12:40:16,098 |     Progress: 10/100
2026-08-24 12:40:16,098 |     Progress: 10/100
2026-08-24 12:40:16,512 |     Progress: 20/100
2026-08-24 12:40:16,512 |     Progress: 20/100
2026-08-24 12:40:16,892 |     Progress: 30/100
2026-08-24 12:40:16,892 |     Progress: 30/100
2026-08-24 12:40:17,228 |     Progress: 40/100
2026-08-24 12:40:17,228 |     Progress: 40/100
2026-08-24 12:40:17,708 |     Progress: 50/100
2026-08-24 12:40:17,708 |     Progress: 50/100
2026-08-24 12:40:18,569 |     Progress: 60/100
2026-08-24 12:40:18,569 |     Progress: 60/100
2026-08-24 12:40:19,179 |     Progress: 70/100
2026-08-24 12:40:19,179 |     Progress: 70/100
2026-08-24 12:40:19,612 |     Progress: 80/100
2026-08-24 12:40:19,612 |     Progress: 80/100
2026-08-24 12:40:19,670 | HTTP Error 404: {"quoteSummary":{"result":null,"error":{"code":"Not Found","description":"Quote not found for symbol: GRUBHUB"}}}
2026-08-24 12:40:19,670 | HTTP Error 404: {"quoteSummary":{"result":null,"error":{"code":"Not Found","description":"Quote not found for symbol: GRUBHUB"}}}
2026-08-24 12:40:20,683 | $SQ: possibly delisted; no price data found  (period=5d) (Yahoo error = "No data found, symbol may be delisted")
2026-08-24 12:40:20,683 | $SQ: possibly delisted; no price data found  (period=5d) (Yahoo error = "No data found, symbol may be delisted")
2026-08-24 12:40:20,976 |     Progress: 90/100
2026-08-24 12:40:20,976 |     Progress: 90/100
2026-08-24 12:40:21,744 | $GRUBHUB: possibly delisted; no price data found  (period=5d) (Yahoo error = "No data found, symbol may be delisted")
2026-08-24 12:40:21,744 | $GRUBHUB: possibly delisted; no price data found  (period=5d) (Yahoo error = "No data found, symbol may be delisted")
2026-08-24 12:40:21,787 | $RSX: possibly delisted; no price data found  (period=5d) (Yahoo error = "No data found, symbol may be delisted")
2026-08-24 12:40:21,787 | $RSX: possibly delisted; no price data found  (period=5d) (Yahoo error = "No data found, symbol may be delisted")
2026-08-24 12:40:22,597 | $ARKS: possibly delisted; no price data found  (period=5d) (Yahoo error = "No data found, symbol may be delisted")
2026-08-24 12:40:22,597 | $ARKS: possibly delisted; no price data found  (period=5d) (Yahoo error = "No data found, symbol may be delisted")
2026-08-24 12:40:22,598 |     Progress: 100/100
2026-08-24 12:40:22,598 |     Progress: 100/100
2026-08-24 12:40:22,618 | ✅ Found 96 trending symbols from yfinance
2026-08-24 12:40:22,618 | ✅ Found 96 trending symbols from yfinance
2026-08-24 12:40:22,618 | 
📊 TOP 20 TRENDING:
2026-08-24 12:40:22,618 | 
📊 TOP 20 TRENDING:
2026-08-24 12:40:22,619 |     1. INTC   | Score:    6257.04 | Momentum:  -10.63% | Vol:  450.7M | Volatility:   1.3% | Price: $   87.09
2026-08-24 12:40:22,619 |     1. INTC   | Score:    6257.04 | Momentum:  -10.63% | Vol:  450.7M | Volatility:   1.3% | Price: $   87.09
2026-08-24 12:40:22,619 |     2. COIN   | Score:    3340.40 | Momentum:  +21.55% | Vol:   64.9M | Volatility:   2.4% | Price: $  182.41
2026-08-24 12:40:22,619 |     2. COIN   | Score:    3340.40 | Momentum:  +21.55% | Vol:   64.9M | Volatility:   2.4% | Price: $  182.41
2026-08-24 12:40:22,619 |     3. WMT    | Score:    2715.85 | Momentum:   -8.66% | Vol:  180.3M | Volatility:   1.7% | Price: $  105.43
2026-08-24 12:40:22,619 |     3. WMT    | Score:    2715.85 | Momentum:   -8.66% | Vol:  180.3M | Volatility:   1.7% | Price: $  105.43
2026-08-24 12:40:22,619 |     4. NVDA   | Score:    2277.62 | Momentum:   -4.71% | Vol:  838.4M | Volatility:   0.6% | Price: $  209.60
2026-08-24 12:40:22,619 |     4. NVDA   | Score:    2277.62 | Momentum:   -4.71% | Vol:  838.4M | Volatility:   0.6% | Price: $  209.60
2026-08-24 12:40:22,619 |     5. TSLA   | Score:    1792.28 | Momentum:   +5.52% | Vol:  278.4M | Volatility:   1.2% | Price: $  355.45
2026-08-24 12:40:22,619 |     5. TSLA   | Score:    1792.28 | Momentum:   +5.52% | Vol:  278.4M | Volatility:   1.2% | Price: $  355.45
2026-08-24 12:40:22,619 |     6. RIVN   | Score:    1602.44 | Momentum:  +15.31% | Vol:  102.8M | Volatility:   1.0% | Price: $   16.80
2026-08-24 12:40:22,619 |     6. RIVN   | Score:    1602.44 | Momentum:  +15.31% | Vol:  102.8M | Volatility:   1.0% | Price: $   16.80
2026-08-24 12:40:22,619 |     7. MU     | Score:    1159.47 | Momentum:   -5.15% | Vol:  142.9M | Volatility:   1.6% | Price: $  908.27
2026-08-24 12:40:22,619 |     7. MU     | Score:    1159.47 | Momentum:   -5.15% | Vol:  142.9M | Volatility:   1.6% | Price: $  908.27
2026-08-24 12:40:22,619 |     8. CMG    | Score:    1014.24 | Momentum:  +12.18% | Vol:   70.6M | Volatility:   1.2% | Price: $   37.81
2026-08-24 12:40:22,619 |     8. CMG    | Score:    1014.24 | Momentum:  +12.18% | Vol:   70.6M | Volatility:   1.2% | Price: $   37.81
2026-08-24 12:40:22,619 |     9. BABA   | Score:     953.23 | Momentum:   -6.39% | Vol:   96.2M | Volatility:   1.5% | Price: $  119.31
2026-08-24 12:40:22,619 |     9. BABA   | Score:     953.23 | Momentum:   -6.39% | Vol:   96.2M | Volatility:   1.5% | Price: $  119.31
2026-08-24 12:40:22,620 |    10. FSLY   | Score:     757.71 | Momentum:  -15.19% | Vol:   22.2M | Volatility:   2.2% | Price: $   23.26
2026-08-24 12:40:22,620 |    10. FSLY   | Score:     757.71 | Momentum:  -15.19% | Vol:   22.2M | Volatility:   2.2% | Price: $   23.26
2026-08-24 12:40:22,620 |    11. ARKG   | Score:     591.17 | Momentum:  +10.45% | Vol:   34.9M | Volatility:   1.6% | Price: $   47.85
2026-08-24 12:40:22,620 |    11. ARKG   | Score:     591.17 | Momentum:  +10.45% | Vol:   34.9M | Volatility:   1.6% | Price: $   47.85
2026-08-24 12:40:22,620 |    12. LCID   | Score:     532.63 | Momentum:  -13.20% | Vol:   40.1M | Volatility:   1.0% | Price: $    5.20
2026-08-24 12:40:22,620 |    12. LCID   | Score:     532.63 | Momentum:  -13.20% | Vol:   40.1M | Volatility:   1.0% | Price: $    5.20
2026-08-24 12:40:22,620 |    13. CRWD   | Score:     506.01 | Momentum:  -10.17% | Vol:   34.6M | Volatility:   1.4% | Price: $  189.73
2026-08-24 12:40:22,620 |    13. CRWD   | Score:     506.01 | Momentum:  -10.17% | Vol:   34.6M | Volatility:   1.4% | Price: $  189.73
2026-08-24 12:40:22,620 |    14. SNAP   | Score:     454.33 | Momentum:   +3.13% | Vol:  149.2M | Volatility:   1.0% | Price: $    5.44
2026-08-24 12:40:22,620 |    14. SNAP   | Score:     454.33 | Momentum:   +3.13% | Vol:  149.2M | Volatility:   1.0% | Price: $    5.44
2026-08-24 12:40:22,620 |    15. AMD    | Score:     398.57 | Momentum:   -4.90% | Vol:   82.3M | Volatility:   1.0% | Price: $  458.00
2026-08-24 12:40:22,620 |    15. AMD    | Score:     398.57 | Momentum:   -4.90% | Vol:   82.3M | Volatility:   1.0% | Price: $  458.00
2026-08-24 12:40:22,620 |    16. GLD    | Score:     385.28 | Momentum:   +5.63% | Vol:   91.5M | Volatility:   0.7% | Price: $  425.75
2026-08-24 12:40:22,620 |    16. GLD    | Score:     385.28 | Momentum:   +5.63% | Vol:   91.5M | Volatility:   0.7% | Price: $  425.75
2026-08-24 12:40:22,620 |    17. PLTR   | Score:     344.73 | Momentum:   +2.57% | Vol:  126.4M | Volatility:   1.1% | Price: $  177.66
2026-08-24 12:40:22,620 |    17. PLTR   | Score:     344.73 | Momentum:   +2.57% | Vol:  126.4M | Volatility:   1.1% | Price: $  177.66
2026-08-24 12:40:22,620 |    18. XPEV   | Score:     295.24 | Momentum:   -5.20% | Vol:   40.0M | Volatility:   1.4% | Price: $   11.21
2026-08-24 12:40:22,620 |    18. XPEV   | Score:     295.24 | Momentum:   -5.20% | Vol:   40.0M | Volatility:   1.4% | Price: $   11.21
2026-08-24 12:40:22,620 |    19. EWZ    | Score:     273.56 | Momentum:   +3.45% | Vol:   94.8M | Volatility:   0.8% | Price: $   35.24
2026-08-24 12:40:22,620 |    19. EWZ    | Score:     273.56 | Momentum:   +3.45% | Vol:   94.8M | Volatility:   0.8% | Price: $   35.24
2026-08-24 12:40:22,620 |    20. QQQ    | Score:     234.14 | Momentum:   -1.75% | Vol:  439.4M | Volatility:   0.3% | Price: $  707.16
2026-08-24 12:40:22,620 |    20. QQQ    | Score:     234.14 | Momentum:   -1.75% | Vol:  439.4M | Volatility:   0.3% | Price: $  707.16
2026-08-24 12:40:22,620 |    ... and 76 more
2026-08-24 12:40:22,620 |    ... and 76 more
2026-08-24 12:40:22,621 | ================================================================================
2026-08-24 12:40:22,621 | ================================================================================
2026-08-24 12:40:22,621 | FILTERING BY MARKET CAP (min: $10.0B, vol: 1.0M)
2026-08-24 12:40:22,621 | FILTERING BY MARKET CAP (min: $10.0B, vol: 1.0M)
2026-08-24 12:40:22,621 | ================================================================================
2026-08-24 12:40:22,621 | ================================================================================
2026-08-24 12:40:23,886 | ✅ [  1/96] INTC   | Cap: $457.56B | Vol:  119.1M | Price: $    0.00
2026-08-24 12:40:23,886 | ✅ [  1/96] INTC   | Cap: $457.56B | Vol:  119.1M | Price: $    0.00
2026-08-24 12:40:24,746 | ✅ [  2/96] COIN   | Cap: $ 48.13B | Vol:    8.5M | Price: $    0.00
2026-08-24 12:40:24,746 | ✅ [  2/96] COIN   | Cap: $ 48.13B | Vol:    8.5M | Price: $    0.00
2026-08-24 12:40:25,723 | ✅ [  3/96] WMT    | Cap: $839.06B | Vol:   24.7M | Price: $    0.00
2026-08-24 12:40:25,723 | ✅ [  3/96] WMT    | Cap: $839.06B | Vol:   24.7M | Price: $    0.00
2026-08-24 12:40:26,720 | ✅ [  4/96] NVDA   | Cap: $5076.97B | Vol:  140.6M | Price: $    0.00
2026-08-24 12:40:26,720 | ✅ [  4/96] NVDA   | Cap: $5076.97B | Vol:  140.6M | Price: $    0.00
2026-08-24 12:40:27,663 | ✅ [  5/96] TSLA   | Cap: $1403.57B | Vol:   42.1M | Price: $    0.00
2026-08-24 12:40:27,663 | ✅ [  5/96] TSLA   | Cap: $1403.57B | Vol:   42.1M | Price: $    0.00
2026-08-24 12:40:28,691 | ✅ [  6/96] RIVN   | Cap: $ 24.30B | Vol:   32.6M | Price: $    0.00
2026-08-24 12:40:28,691 | ✅ [  6/96] RIVN   | Cap: $ 24.30B | Vol:   32.6M | Price: $    0.00
2026-08-24 12:40:29,690 | ✅ [  7/96] MU     | Cap: $1025.90B | Vol:   48.2M | Price: $    0.00
2026-08-24 12:40:29,690 | ✅ [  7/96] MU     | Cap: $1025.90B | Vol:   48.2M | Price: $    0.00
2026-08-24 12:40:30,587 | ✅ [  8/96] CMG    | Cap: $ 47.96B | Vol:   20.1M | Price: $    0.00
2026-08-24 12:40:30,587 | ✅ [  8/96] CMG    | Cap: $ 47.96B | Vol:   20.1M | Price: $    0.00
2026-08-24 12:40:31,587 | ✅ [  9/96] BABA   | Cap: $285.96B | Vol:   12.3M | Price: $    0.00
2026-08-24 12:40:31,587 | ✅ [  9/96] BABA   | Cap: $285.96B | Vol:   12.3M | Price: $    0.00
2026-08-24 12:40:37,224 | ✅ [ 13/96] CRWD   | Cap: $193.17B | Vol:   10.7M | Price: $    0.00
2026-08-24 12:40:37,224 | ✅ [ 13/96] CRWD   | Cap: $193.17B | Vol:   10.7M | Price: $    0.00
2026-08-24 12:40:39,292 | ✅ [ 15/96] AMD    | Cap: $747.49B | Vol:   28.8M | Price: $    0.00
2026-08-24 12:40:39,292 | ✅ [ 15/96] AMD    | Cap: $747.49B | Vol:   28.8M | Price: $    0.00
2026-08-24 12:40:42,199 | ✅ [ 17/96] PLTR   | Cap: $426.95B | Vol:   43.2M | Price: $    0.00
2026-08-24 12:40:42,199 | ✅ [ 17/96] PLTR   | Cap: $426.95B | Vol:   43.2M | Price: $    0.00
2026-08-24 12:40:43,283 | ✅ [ 18/96] XPEV   | Cap: $ 10.71B | Vol:    7.2M | Price: $    0.00
2026-08-24 12:40:43,283 | ✅ [ 18/96] XPEV   | Cap: $ 10.71B | Vol:    7.2M | Price: $    0.00
2026-08-24 12:40:48,451 | ✅ [ 21/96] CRM    | Cap: $171.61B | Vol:   14.9M | Price: $    0.00
2026-08-24 12:40:48,451 | ✅ [ 21/96] CRM    | Cap: $171.61B | Vol:   14.9M | Price: $    0.00
2026-08-24 12:40:49,579 | ✅ [ 22/96] NIO    | Cap: $ 11.01B | Vol:   29.7M | Price: $    0.00
2026-08-24 12:40:49,579 | ✅ [ 22/96] NIO    | Cap: $ 11.01B | Vol:   29.7M | Price: $    0.00
2026-08-24 12:40:50,769 | ✅ [ 23/96] NFLX   | Cap: $335.30B | Vol:   42.6M | Price: $    0.00
2026-08-24 12:40:50,769 | ✅ [ 23/96] NFLX   | Cap: $335.30B | Vol:   42.6M | Price: $    0.00
2026-08-24 12:40:51,701 | ✅ [ 24/96] CPNG   | Cap: $ 29.54B | Vol:   21.6M | Price: $    0.00
2026-08-24 12:40:51,701 | ✅ [ 24/96] CPNG   | Cap: $ 29.54B | Vol:   21.6M | Price: $    0.00
2026-08-24 12:40:55,118 | ✅ [ 26/96] T      | Cap: $176.21B | Vol:   62.9M | Price: $    0.00
2026-08-24 12:40:55,118 | ✅ [ 26/96] T      | Cap: $176.21B | Vol:   62.9M | Price: $    0.00
2026-08-24 12:40:56,309 | ✅ [ 27/96] KO     | Cap: $395.45B | Vol:   17.6M | Price: $    0.00
2026-08-24 12:40:56,309 | ✅ [ 27/96] KO     | Cap: $395.45B | Vol:   17.6M | Price: $    0.00
2026-08-24 12:40:57,329 | ✅ [ 28/96] OKTA   | Cap: $ 22.66B | Vol:    3.6M | Price: $    0.00
2026-08-24 12:40:57,329 | ✅ [ 28/96] OKTA   | Cap: $ 22.66B | Vol:    3.6M | Price: $    0.00
2026-08-24 12:40:58,339 | ✅ [ 29/96] AAPL   | Cap: $4551.63B | Vol:   56.4M | Price: $    0.00
2026-08-24 12:40:58,339 | ✅ [ 29/96] AAPL   | Cap: $4551.63B | Vol:   56.4M | Price: $    0.00
2026-08-24 12:41:00,979 | ✅ [ 31/96] DDOG   | Cap: $ 81.94B | Vol:    5.2M | Price: $    0.00
2026-08-24 12:41:00,979 | ✅ [ 31/96] DDOG   | Cap: $ 81.94B | Vol:    5.2M | Price: $    0.00
2026-08-24 12:41:01,834 | ✅ [ 32/96] UBER   | Cap: $160.46B | Vol:   20.7M | Price: $    0.00
2026-08-24 12:41:01,834 | ✅ [ 32/96] UBER   | Cap: $160.46B | Vol:   20.7M | Price: $    0.00
2026-08-24 12:41:02,899 | ✅ [ 33/96] BA     | Cap: $165.87B | Vol:    5.9M | Price: $    0.00
2026-08-24 12:41:02,899 | ✅ [ 33/96] BA     | Cap: $165.87B | Vol:    5.9M | Price: $    0.00
2026-08-24 12:41:03,755 | ✅ [ 34/96] NET    | Cap: $100.55B | Vol:    3.7M | Price: $    0.00
2026-08-24 12:41:03,755 | ✅ [ 34/96] NET    | Cap: $100.55B | Vol:    3.7M | Price: $    0.00
2026-08-24 12:41:04,675 | ✅ [ 35/96] RBLX   | Cap: $ 27.82B | Vol:   11.9M | Price: $    0.00
2026-08-24 12:41:04,675 | ✅ [ 35/96] RBLX   | Cap: $ 27.82B | Vol:   11.9M | Price: $    0.00
2026-08-24 12:41:05,763 | ✅ [ 36/96] GOOGL  | Cap: $4271.43B | Vol:   32.0M | Price: $    0.00
2026-08-24 12:41:05,763 | ✅ [ 36/96] GOOGL  | Cap: $4271.43B | Vol:   32.0M | Price: $    0.00
2026-08-24 12:41:10,333 | ✅ [ 39/96] VZ     | Cap: $207.97B | Vol:   27.0M | Price: $    0.00
2026-08-24 12:41:10,333 | ✅ [ 39/96] VZ     | Cap: $207.97B | Vol:   27.0M | Price: $    0.00
2026-08-24 12:41:11,672 | ✅ [ 40/96] V      | Cap: $709.98B | Vol:    8.1M | Price: $    0.00
2026-08-24 12:41:11,672 | ✅ [ 40/96] V      | Cap: $709.98B | Vol:    8.1M | Price: $    0.00
2026-08-24 12:41:12,620 | ✅ [ 41/96] INTU   | Cap: $101.48B | Vol:    5.1M | Price: $    0.00
2026-08-24 12:41:12,620 | ✅ [ 41/96] INTU   | Cap: $101.48B | Vol:    5.1M | Price: $    0.00
2026-08-24 12:41:13,595 | ✅ [ 42/96] ADBE   | Cap: $109.73B | Vol:    6.4M | Price: $    0.00
2026-08-24 12:41:13,595 | ✅ [ 42/96] ADBE   | Cap: $109.73B | Vol:    6.4M | Price: $    0.00
2026-08-24 12:41:14,643 | ✅ [ 43/96] META   | Cap: $1422.15B | Vol:   18.5M | Price: $    0.00
2026-08-24 12:41:14,643 | ✅ [ 43/96] META   | Cap: $1422.15B | Vol:   18.5M | Price: $    0.00
2026-08-24 12:41:15,754 | ✅ [ 44/96] ABT    | Cap: $201.98B | Vol:   11.9M | Price: $    0.00
2026-08-24 12:41:15,754 | ✅ [ 44/96] ABT    | Cap: $201.98B | Vol:   11.9M | Price: $    0.00
2026-08-24 12:41:16,872 | ✅ [ 45/96] ABNB   | Cap: $112.33B | Vol:    4.2M | Price: $    0.00
2026-08-24 12:41:16,872 | ✅ [ 45/96] ABNB   | Cap: $112.33B | Vol:    4.2M | Price: $    0.00
2026-08-24 12:41:18,784 | ✅ [ 47/96] GM     | Cap: $ 78.43B | Vol:    7.5M | Price: $    0.00
2026-08-24 12:41:18,784 | ✅ [ 47/96] GM     | Cap: $ 78.43B | Vol:    7.5M | Price: $    0.00
2026-08-24 12:41:21,356 | ✅ [ 49/96] DASH   | Cap: $ 99.86B | Vol:    4.6M | Price: $    0.00
2026-08-24 12:41:21,356 | ✅ [ 49/96] DASH   | Cap: $ 99.86B | Vol:    4.6M | Price: $    0.00
2026-08-24 12:41:22,286 | ✅ [ 50/96] MSFT   | Cap: $3625.11B | Vol:   39.6M | Price: $    0.00
2026-08-24 12:41:22,286 | ✅ [ 50/96] MSFT   | Cap: $3625.11B | Vol:   39.6M | Price: $    0.00
2026-08-24 12:41:25,246 | ✅ [ 52/96] LLY    | Cap: $1111.24B | Vol:    3.0M | Price: $    0.00
2026-08-24 12:41:25,246 | ✅ [ 52/96] LLY    | Cap: $1111.24B | Vol:    3.0M | Price: $    0.00
2026-08-24 12:41:30,494 | ✅ [ 55/96] PG     | Cap: $338.54B | Vol:    9.2M | Price: $    0.00
2026-08-24 12:41:30,494 | ✅ [ 55/96] PG     | Cap: $338.54B | Vol:    9.2M | Price: $    0.00
2026-08-24 12:41:35,801 | ✅ [ 59/96] AMZN   | Cap: $2823.47B | Vol:   49.7M | Price: $    0.00
2026-08-24 12:41:35,801 | ✅ [ 59/96] AMZN   | Cap: $2823.47B | Vol:   49.7M | Price: $    0.00
2026-08-24 12:41:36,972 | ✅ [ 60/96] JD     | Cap: $ 39.37B | Vol:    8.6M | Price: $    0.00
2026-08-24 12:41:36,972 | ✅ [ 60/96] JD     | Cap: $ 39.37B | Vol:    8.6M | Price: $    0.00
2026-08-24 12:41:38,015 | ✅ [ 61/96] BKNG   | Cap: $159.90B | Vol:    7.0M | Price: $    0.00
2026-08-24 12:41:38,015 | ✅ [ 61/96] BKNG   | Cap: $159.90B | Vol:    7.0M | Price: $    0.00
2026-08-24 12:41:38,999 | ✅ [ 62/96] JNJ    | Cap: $658.32B | Vol:    8.0M | Price: $    0.00
2026-08-24 12:41:38,999 | ✅ [ 62/96] JNJ    | Cap: $658.32B | Vol:    8.0M | Price: $    0.00
2026-08-24 12:41:41,769 | ✅ [ 64/96] ZM     | Cap: $ 30.33B | Vol:    3.7M | Price: $    0.00
2026-08-24 12:41:41,769 | ✅ [ 64/96] ZM     | Cap: $ 30.33B | Vol:    3.7M | Price: $    0.00
2026-08-24 12:41:50,364 | ✅ [ 69/96] PYPL   | Cap: $ 52.86B | Vol:   15.9M | Price: $    0.00
2026-08-24 12:41:50,364 | ✅ [ 69/96] PYPL   | Cap: $ 52.86B | Vol:   15.9M | Price: $    0.00
2026-08-24 12:41:51,416 | ✅ [ 70/96] PDD    | Cap: $124.49B | Vol:    8.6M | Price: $    0.00
2026-08-24 12:41:51,416 | ✅ [ 70/96] PDD    | Cap: $124.49B | Vol:    8.6M | Price: $    0.00
2026-08-24 12:41:52,591 | ✅ [ 71/96] JPM    | Cap: $943.52B | Vol:    8.8M | Price: $    0.00
2026-08-24 12:41:52,591 | ✅ [ 71/96] JPM    | Cap: $943.52B | Vol:    8.8M | Price: $    0.00
2026-08-24 12:41:53,665 | ✅ [ 72/96] XOM    | Cap: $671.93B | Vol:   15.8M | Price: $    0.00
2026-08-24 12:41:53,665 | ✅ [ 72/96] XOM    | Cap: $671.93B | Vol:   15.8M | Price: $    0.00
2026-08-24 12:41:56,532 | ✅ [ 74/96] U      | Cap: $ 20.38B | Vol:    9.6M | Price: $    0.00
2026-08-24 12:41:56,532 | ✅ [ 74/96] U      | Cap: $ 20.38B | Vol:    9.6M | Price: $    0.00
2026-08-24 12:41:57,579 | ✅ [ 75/96] MCD    | Cap: $192.78B | Vol:    4.6M | Price: $    0.00
2026-08-24 12:41:57,579 | ✅ [ 75/96] MCD    | Cap: $192.78B | Vol:    4.6M | Price: $    0.00
2026-08-24 12:41:58,726 | ✅ [ 76/96] PINS   | Cap: $ 13.30B | Vol:   15.1M | Price: $    0.00
2026-08-24 12:41:58,726 | ✅ [ 76/96] PINS   | Cap: $ 13.30B | Vol:   15.1M | Price: $    0.00
2026-08-24 12:41:59,638 | ✅ [ 77/96] F      | Cap: $ 55.69B | Vol:   56.6M | Price: $    0.00
2026-08-24 12:41:59,638 | ✅ [ 77/96] F      | Cap: $ 55.69B | Vol:   56.6M | Price: $    0.00
2026-08-24 12:42:02,317 | ✅ [ 79/96] CSCO   | Cap: $436.65B | Vol:   23.9M | Price: $    0.00
2026-08-24 12:42:02,317 | ✅ [ 79/96] CSCO   | Cap: $436.65B | Vol:   23.9M | Price: $    0.00
2026-08-24 12:42:05,371 | ✅ [ 81/96] CVX    | Cap: $398.56B | Vol:    8.7M | Price: $    0.00
2026-08-24 12:42:05,371 | ✅ [ 81/96] CVX    | Cap: $398.56B | Vol:    8.7M | Price: $    0.00
2026-08-24 12:42:06,365 | ✅ [ 82/96] IBM    | Cap: $219.11B | Vol:   10.8M | Price: $    0.00
2026-08-24 12:42:06,365 | ✅ [ 82/96] IBM    | Cap: $219.11B | Vol:   10.8M | Price: $    0.00
2026-08-24 12:42:07,302 | ✅ [ 83/96] SHOP   | Cap: $192.56B | Vol:    9.4M | Price: $    0.00
2026-08-24 12:42:07,302 | ✅ [ 83/96] SHOP   | Cap: $192.56B | Vol:    9.4M | Price: $    0.00
2026-08-24 12:42:11,859 | ✅ [ 86/96] SBUX   | Cap: $122.33B | Vol:    7.5M | Price: $    0.00
2026-08-24 12:42:11,859 | ✅ [ 86/96] SBUX   | Cap: $122.33B | Vol:    7.5M | Price: $    0.00
2026-08-24 12:42:12,951 | ✅ [ 87/96] SNOW   | Cap: $112.72B | Vol:    7.1M | Price: $    0.00
2026-08-24 12:42:12,951 | ✅ [ 87/96] SNOW   | Cap: $112.72B | Vol:    7.1M | Price: $    0.00
2026-08-24 12:42:15,658 | ✅ [ 89/96] AXP    | Cap: $228.65B | Vol:    3.0M | Price: $    0.00
2026-08-24 12:42:15,658 | ✅ [ 89/96] AXP    | Cap: $228.65B | Vol:    3.0M | Price: $    0.00
2026-08-24 12:42:18,682 | ✅ [ 91/96] QCOM   | Cap: $166.22B | Vol:   16.8M | Price: $    0.00
2026-08-24 12:42:18,682 | ✅ [ 91/96] QCOM   | Cap: $166.22B | Vol:   16.8M | Price: $    0.00
2026-08-24 12:42:25,951 | ✅ [ 95/96] BRK-B  | Cap: $1074.41B | Vol:    4.8M | Price: $    0.00
2026-08-24 12:42:25,951 | ✅ [ 95/96] BRK-B  | Cap: $1074.41B | Vol:    4.8M | Price: $    0.00
2026-08-24 12:42:27,660 | ================================================================================
2026-08-24 12:42:27,660 | ================================================================================
2026-08-24 12:42:27,660 | ✅ FILTERED: 96 → 61 symbols
2026-08-24 12:42:27,660 | ✅ FILTERED: 96 → 61 symbols
2026-08-24 12:42:27,660 |    Passed: 61 | Skipped: 35
2026-08-24 12:42:27,660 |    Passed: 61 | Skipped: 35
2026-08-24 12:42:27,660 | ================================================================================
2026-08-24 12:42:27,660 | ================================================================================
2026-08-24 12:42:27,660 | ✅ Ready to scan 50 liquid, established equities

2026-08-24 12:42:27,660 | ✅ Ready to scan 50 liquid, established equities

2026-08-24 12:42:27,660 | ================================================================================

2026-08-24 12:42:27,660 | ================================================================================

2026-08-24 12:42:27,660 | ================================================================================
2026-08-24 12:42:27,660 | ================================================================================
2026-08-24 12:42:27,661 | CYCLE | 2026-08-24 12:42:27 | PRODUCTION BOT (ENTRY + EXIT)
2026-08-24 12:42:27,661 | CYCLE | 2026-08-24 12:42:27 | PRODUCTION BOT (ENTRY + EXIT)
2026-08-24 12:42:27,661 | Scanning 50 symbols for entry + managing 1 open positions
2026-08-24 12:42:27,661 | Scanning 50 symbols for entry + managing 1 open positions
2026-08-24 12:42:27,661 | ================================================================================
2026-08-24 12:42:27,661 | ================================================================================
2026-08-24 12:42:27,661 | 
📋 PHASE 1: Exit Management
2026-08-24 12:42:27,661 | 
📋 PHASE 1: Exit Management
2026-08-24 12:42:27,661 | --------------------------------------------------------------------------------
2026-08-24 12:42:27,661 | --------------------------------------------------------------------------------
2026-08-24 12:42:28,337 | 🔴 EXIT SIGNAL: AMZN SELL 1 @ $262.02 | TAKE-PROFIT | PnL: -0.44%
2026-08-24 12:42:28,337 | 🔴 EXIT SIGNAL: AMZN SELL 1 @ $262.02 | TAKE-PROFIT | PnL: -0.44%
2026-08-24 12:42:28,338 |    Limit order: $262.02 → $260.71 (slippage: 0.5%)
2026-08-24 12:42:28,338 |    Limit order: $262.02 → $260.71 (slippage: 0.5%)
2026-08-24 12:42:28,936 | ✅ Exit order executed: {'jsonrpc': '2.0', 'id': 2, 'result': {'error': {'code': -32602, 'message': 'invalid params: validating "arguments": validating root: unexpected additional properties ["price"]'}}}
2026-08-24 12:42:28,936 | ✅ Exit order executed: {'jsonrpc': '2.0', 'id': 2, 'result': {'error': {'code': -32602, 'message': 'invalid params: validating "arguments": validating root: unexpected additional properties ["price"]'}}}
2026-08-24 12:42:28,937 | 🗑️  Position removed: AMZN
2026-08-24 12:42:28,937 | 🗑️  Position removed: AMZN
2026-08-24 12:42:28,937 | 📊 Exits Executed: 1
2026-08-24 12:42:28,937 | 📊 Exits Executed: 1
2026-08-24 12:42:28,937 | 
📋 PHASE 2: Entry Screening
2026-08-24 12:42:28,937 | 
📋 PHASE 2: Entry Screening
2026-08-24 12:42:28,937 | --------------------------------------------------------------------------------
2026-08-24 12:42:28,937 | --------------------------------------------------------------------------------
2026-08-24 12:42:29,645 | ✅ [ 1/50] INTC   | ADX:    7.7 | Stoch:   35.7
2026-08-24 12:42:29,645 | ✅ [ 1/50] INTC   | ADX:    7.7 | Stoch:   35.7
2026-08-24 12:42:30,278 | ✅ [ 2/50] COIN   | ADX:   15.2 | Stoch:    6.6
2026-08-24 12:42:30,278 | ✅ [ 2/50] COIN   | ADX:   15.2 | Stoch:    6.6
2026-08-24 12:42:31,017 | ✅ [ 3/50] WMT    | ADX:   12.8 | Stoch:   97.0
2026-08-24 12:42:31,017 | ✅ [ 3/50] WMT    | ADX:   12.8 | Stoch:   97.0
2026-08-24 12:42:31,768 | ✅ [ 4/50] NVDA   | ADX:   15.1 | Stoch:   14.1
2026-08-24 12:42:31,768 | ✅ [ 4/50] NVDA   | ADX:   15.1 | Stoch:   14.1
2026-08-24 12:42:33,055 | ✅ [ 5/50] TSLA   | ADX:   23.5 | Stoch:   22.4
2026-08-24 12:42:33,055 | ✅ [ 5/50] TSLA   | ADX:   23.5 | Stoch:   22.4
2026-08-24 12:42:33,922 | ✅ [ 6/50] RIVN   | ADX:   11.8 | Stoch:   25.7
2026-08-24 12:42:33,922 | ✅ [ 6/50] RIVN   | ADX:   11.8 | Stoch:   25.7
2026-08-24 12:42:34,590 | ✅ [ 7/50] MU     | ADX:    8.3 | Stoch:   25.6
2026-08-24 12:42:34,590 | ✅ [ 7/50] MU     | ADX:    8.3 | Stoch:   25.6
2026-08-24 12:42:35,264 | ✅ [ 8/50] CMG    | ADX:    7.2 | Stoch:   86.8
2026-08-24 12:42:35,264 | ✅ [ 8/50] CMG    | ADX:    7.2 | Stoch:   86.8
2026-08-24 12:42:35,922 | ✅ [ 9/50] BABA   | ADX:   22.4 | Stoch:   69.5
2026-08-24 12:42:35,922 | ✅ [ 9/50] BABA   | ADX:   22.4 | Stoch:   69.5
2026-08-24 12:42:36,592 | ✅ [10/50] CRWD   | ADX:   21.0 | Stoch:   13.2
2026-08-24 12:42:36,592 | ✅ [10/50] CRWD   | ADX:   21.0 | Stoch:   13.2
2026-08-24 12:42:37,499 | ✅ [11/50] AMD    | ADX:    7.7 | Stoch:   29.4
2026-08-24 12:42:37,499 | ✅ [11/50] AMD    | ADX:    7.7 | Stoch:   29.4
2026-08-24 12:42:38,177 | ✅ [12/50] PLTR   | ADX:   36.4 | Stoch:   66.2
2026-08-24 12:42:38,177 | ✅ [12/50] PLTR   | ADX:   36.4 | Stoch:   66.2
2026-08-24 12:42:38,861 | ✅ [13/50] XPEV   | ADX:   15.7 | Stoch:    6.8
2026-08-24 12:42:38,861 | ✅ [13/50] XPEV   | ADX:   15.7 | Stoch:    6.8
2026-08-24 12:42:39,708 | ✅ [14/50] CRM    | ADX:   20.0 | Stoch:   40.4
2026-08-24 12:42:39,708 | ✅ [14/50] CRM    | ADX:   20.0 | Stoch:   40.4
2026-08-24 12:42:40,366 | ✅ [15/50] NIO    | ADX:    7.2 | Stoch:    0.0
2026-08-24 12:42:40,366 | ✅ [15/50] NIO    | ADX:    7.2 | Stoch:    0.0
2026-08-24 12:42:40,977 | ✅ [16/50] NFLX   | ADX:   22.5 | Stoch:   96.8
2026-08-24 12:42:40,977 | ✅ [16/50] NFLX   | ADX:   22.5 | Stoch:   96.8
2026-08-24 12:42:41,694 | ✅ [17/50] CPNG   | ADX:    6.9 | Stoch:   53.3
2026-08-24 12:42:41,694 | ✅ [17/50] CPNG   | ADX:    6.9 | Stoch:   53.3
2026-08-24 12:42:42,500 | ✅ [18/50] T      | ADX:   14.8 | Stoch:   94.3
2026-08-24 12:42:42,500 | ✅ [18/50] T      | ADX:   14.8 | Stoch:   94.3
2026-08-24 12:42:43,415 | ✅ [19/50] KO     | ADX:   20.2 | Stoch:   69.8
2026-08-24 12:42:43,415 | ✅ [19/50] KO     | ADX:   20.2 | Stoch:   69.8
2026-08-24 12:42:44,264 | ✅ [20/50] OKTA   | ADX:   10.1 | Stoch:    7.1
2026-08-24 12:42:44,264 | ✅ [20/50] OKTA   | ADX:   10.1 | Stoch:    7.1
2026-08-24 12:42:45,088 | ✅ [21/50] AAPL   | ADX:   18.1 | Stoch:   73.6
2026-08-24 12:42:45,088 | ✅ [21/50] AAPL   | ADX:   18.1 | Stoch:   73.6
2026-08-24 12:42:45,746 | ✅ [22/50] DDOG   | ADX:   10.1 | Stoch:   18.6
2026-08-24 12:42:45,746 | ✅ [22/50] DDOG   | ADX:   10.1 | Stoch:   18.6
2026-08-24 12:42:46,555 | ✅ [23/50] UBER   | ADX:   13.4 | Stoch:   40.1
2026-08-24 12:42:46,555 | ✅ [23/50] UBER   | ADX:   13.4 | Stoch:   40.1
2026-08-24 12:42:47,302 | ✅ [24/50] BA     | ADX:   18.2 | Stoch:   17.6
2026-08-24 12:42:47,302 | ✅ [24/50] BA     | ADX:   18.2 | Stoch:   17.6
2026-08-24 12:42:48,011 | ✅ [25/50] NET    | ADX:   16.6 | Stoch:    4.2
2026-08-24 12:42:48,011 | ✅ [25/50] NET    | ADX:   16.6 | Stoch:    4.2
2026-08-24 12:42:48,706 | ✅ [26/50] RBLX   | ADX:   28.2 | Stoch:   41.1
2026-08-24 12:42:48,706 | ✅ [26/50] RBLX   | ADX:   28.2 | Stoch:   41.1
2026-08-24 12:42:49,428 | ✅ [27/50] GOOGL  | ADX:   12.8 | Stoch:   73.0
2026-08-24 12:42:49,428 | ✅ [27/50] GOOGL  | ADX:   12.8 | Stoch:   73.0
2026-08-24 12:42:50,163 | ✅ [28/50] VZ     | ADX:    7.8 | Stoch:   80.7
2026-08-24 12:42:50,163 | ✅ [28/50] VZ     | ADX:    7.8 | Stoch:   80.7
2026-08-24 12:42:50,884 | ✅ [29/50] V      | ADX:    4.2 | Stoch:   88.3
2026-08-24 12:42:50,884 | ✅ [29/50] V      | ADX:    4.2 | Stoch:   88.3
2026-08-24 12:42:51,557 | ✅ [30/50] INTU   | ADX:   23.2 | Stoch:   80.4
2026-08-24 12:42:51,557 | ✅ [30/50] INTU   | ADX:   23.2 | Stoch:   80.4
2026-08-24 12:42:52,375 | ✅ [31/50] ADBE   | ADX:   16.3 | Stoch:   60.5
2026-08-24 12:42:52,375 | ✅ [31/50] ADBE   | ADX:   16.3 | Stoch:   60.5
2026-08-24 12:42:53,069 | ✅ [32/50] META   | ADX:    8.9 | Stoch:   92.1
2026-08-24 12:42:53,069 | ✅ [32/50] META   | ADX:    8.9 | Stoch:   92.1
2026-08-24 12:42:53,763 | ✅ [33/50] ABT    | ADX:   19.0 | Stoch:   59.3
2026-08-24 12:42:53,763 | ✅ [33/50] ABT    | ADX:   19.0 | Stoch:   59.3
2026-08-24 12:42:54,544 | ✅ [34/50] ABNB   | ADX:   40.6 | Stoch:   59.6
2026-08-24 12:42:54,544 | ✅ [34/50] ABNB   | ADX:   40.6 | Stoch:   59.6
2026-08-24 12:42:55,221 | ✅ [35/50] GM     | ADX:   16.2 | Stoch:   39.6
2026-08-24 12:42:55,221 | ✅ [35/50] GM     | ADX:   16.2 | Stoch:   39.6
2026-08-24 12:42:55,937 | ✅ [36/50] DASH   | ADX:   24.7 | Stoch:   93.3
2026-08-24 12:42:55,937 | ✅ [36/50] DASH   | ADX:   24.7 | Stoch:   93.3
2026-08-24 12:42:56,655 | ✅ [37/50] MSFT   | ADX:   31.7 | Stoch:   78.0
2026-08-24 12:42:56,655 | ✅ [37/50] MSFT   | ADX:   31.7 | Stoch:   78.0
2026-08-24 12:42:57,409 | ✅ [38/50] LLY    | ADX:   14.4 | Stoch:   37.6
2026-08-24 12:42:57,409 | ✅ [38/50] LLY    | ADX:   14.4 | Stoch:   37.6
2026-08-24 12:42:58,175 | ✅ [39/50] PG     | ADX:    4.5 | Stoch:   50.5
2026-08-24 12:42:58,175 | ✅ [39/50] PG     | ADX:    4.5 | Stoch:   50.5
2026-08-24 12:42:58,175 | ✅ [40/50] AMZN   | ADX:   21.4 | Stoch:   75.4
2026-08-24 12:42:58,175 | ✅ [40/50] AMZN   | ADX:   21.4 | Stoch:   75.4
2026-08-24 12:42:58,880 | ✅ [41/50] JD     | ADX:   25.4 | Stoch:   24.7
2026-08-24 12:42:58,880 | ✅ [41/50] JD     | ADX:   25.4 | Stoch:   24.7
2026-08-24 12:42:59,530 | ✅ [42/50] BKNG   | ADX:   28.0 | Stoch:   61.3
2026-08-24 12:42:59,530 | ✅ [42/50] BKNG   | ADX:   28.0 | Stoch:   61.3
2026-08-24 12:43:00,337 | ✅ [43/50] JNJ    | ADX:   13.8 | Stoch:   83.5
2026-08-24 12:43:00,337 | ✅ [43/50] JNJ    | ADX:   13.8 | Stoch:   83.5
2026-08-24 12:43:00,999 | ✅ [44/50] ZM     | ADX:   32.8 | Stoch:    7.8
2026-08-24 12:43:00,999 | ✅ [44/50] ZM     | ADX:   32.8 | Stoch:    7.8
2026-08-24 12:43:01,000 | 🎯 ENTRY SIGNAL: ZM BUY 1 @ $103.45
2026-08-24 12:43:01,000 | 🎯 ENTRY SIGNAL: ZM BUY 1 @ $103.45
2026-08-24 12:43:01,324 | ✅ Entry order executed: {'jsonrpc': '2.0', 'id': 3, 'result': {'error': {'code': -32602, 'message': 'invalid params: validating "arguments": validating root: unexpected additional properties ["price"]'}}}
2026-08-24 12:43:01,324 | ✅ Entry order executed: {'jsonrpc': '2.0', 'id': 3, 'result': {'error': {'code': -32602, 'message': 'invalid params: validating "arguments": validating root: unexpected additional properties ["price"]'}}}
2026-08-24 12:43:01,325 | 📝 Position tracked: ZM 1@ $103.45 @ 2026-08-24 12:42:27
2026-08-24 12:43:01,325 | 📝 Position tracked: ZM 1@ $103.45 @ 2026-08-24 12:42:27
2026-08-24 12:43:01,994 | ✅ [45/50] PYPL   | ADX:   21.5 | Stoch:   44.4
2026-08-24 12:43:01,994 | ✅ [45/50] PYPL   | ADX:   21.5 | Stoch:   44.4
2026-08-24 12:43:02,695 | ✅ [46/50] PDD    | ADX:   17.6 | Stoch:   23.1
2026-08-24 12:43:02,695 | ✅ [46/50] PDD    | ADX:   17.6 | Stoch:   23.1
2026-08-24 12:43:03,407 | ✅ [47/50] JPM    | ADX:    8.8 | Stoch:   57.7
2026-08-24 12:43:03,407 | ✅ [47/50] JPM    | ADX:    8.8 | Stoch:   57.7
2026-08-24 12:43:04,131 | ✅ [48/50] XOM    | ADX:   10.8 | Stoch:   33.9
2026-08-24 12:43:04,131 | ✅ [48/50] XOM    | ADX:   10.8 | Stoch:   33.9
2026-08-24 12:43:04,830 | ✅ [49/50] U      | ADX:   42.2 | Stoch:   35.6
2026-08-24 12:43:04,830 | ✅ [49/50] U      | ADX:   42.2 | Stoch:   35.6
2026-08-24 12:43:05,540 | ✅ [50/50] MCD    | ADX:   10.4 | Stoch:   70.6
2026-08-24 12:43:05,540 | ✅ [50/50] MCD    | ADX:   10.4 | Stoch:   70.6
2026-08-24 12:43:05,540 | ================================================================================
2026-08-24 12:43:05,540 | ================================================================================
2026-08-24 12:43:05,540 | 📊 Entry Analysis: 50 analyzed | 0 skipped | 1 signals
2026-08-24 12:43:05,540 | 📊 Entry Analysis: 50 analyzed | 0 skipped | 1 signals
2026-08-24 12:43:05,540 |    Analyzed: INTC, COIN, WMT, NVDA, TSLA, RIVN, MU, CMG, BABA, CRWD, AMD, PLTR, XPEV, CRM, NIO, NFLX, CPNG, T, KO, OKTA +30
2026-08-24 12:43:05,540 |    Analyzed: INTC, COIN, WMT, NVDA, TSLA, RIVN, MU, CMG, BABA, CRWD, AMD, PLTR, XPEV, CRM, NIO, NFLX, CPNG, T, KO, OKTA +30
2026-08-24 12:43:05,540 | ================================================================================

2026-08-24 12:43:05,540 | ================================================================================

2026-08-24 12:43:05,546 | [*] MCP subprocess terminated
2026-08-24 12:43:05,546 | [*] MCP subprocess terminated
2026-08-24 13:01:02,844 | [+] MCP subprocess started (unbuffered)
2026-08-24 13:01:02,844 | [+] MCP subprocess started (unbuffered)
2026-08-24 13:01:03,014 | ✅ MCP initialized
2026-08-24 13:01:03,014 | ✅ MCP initialized
2026-08-24 13:01:03,015 | ================================================================================
2026-08-24 13:01:03,015 | ================================================================================
2026-08-24 13:01:03,015 | FETCHING SYMBOLS
2026-08-24 13:01:03,015 | FETCHING SYMBOLS
2026-08-24 13:01:03,016 | ================================================================================
2026-08-24 13:01:03,016 | ================================================================================
2026-08-24 13:01:03,016 | ================================================================================
2026-08-24 13:01:03,016 | ================================================================================
2026-08-24 13:01:03,016 | FETCHING TOP TRENDING SYMBOLS FROM YFINANCE
2026-08-24 13:01:03,016 | FETCHING TOP TRENDING SYMBOLS FROM YFINANCE
2026-08-24 13:01:03,016 | ================================================================================
2026-08-24 13:01:03,016 | ================================================================================
2026-08-24 13:01:03,016 | [*] Fetching top 100 trending symbols from yfinance...
2026-08-24 13:01:03,016 | [*] Fetching top 100 trending symbols from yfinance...
2026-08-24 13:01:03,016 |     Analyzing 100 popular stocks...
2026-08-24 13:01:03,016 |     Analyzing 100 popular stocks...
2026-08-24 13:01:04,582 |     Progress: 10/100
2026-08-24 13:01:04,582 |     Progress: 10/100
2026-08-24 13:01:04,989 |     Progress: 20/100
2026-08-24 13:01:04,989 |     Progress: 20/100
2026-08-24 13:01:05,459 |     Progress: 30/100
2026-08-24 13:01:05,459 |     Progress: 30/100
2026-08-24 13:01:05,996 |     Progress: 40/100
2026-08-24 13:01:05,996 |     Progress: 40/100
2026-08-24 13:01:06,940 |     Progress: 50/100
2026-08-24 13:01:06,940 |     Progress: 50/100
2026-08-24 13:01:07,483 |     Progress: 60/100
2026-08-24 13:01:07,483 |     Progress: 60/100
2026-08-24 13:01:07,835 |     Progress: 70/100
2026-08-24 13:01:07,835 |     Progress: 70/100
2026-08-24 13:01:08,375 | $SQ: possibly delisted; no price data found  (period=5d) (Yahoo error = "No data found, symbol may be delisted")
2026-08-24 13:01:08,375 | $SQ: possibly delisted; no price data found  (period=5d) (Yahoo error = "No data found, symbol may be delisted")
2026-08-24 13:01:08,377 |     Progress: 80/100
2026-08-24 13:01:08,377 |     Progress: 80/100
2026-08-24 13:01:08,436 | HTTP Error 404: {"quoteSummary":{"result":null,"error":{"code":"Not Found","description":"Quote not found for symbol: GRUBHUB"}}}
2026-08-24 13:01:08,436 | HTTP Error 404: {"quoteSummary":{"result":null,"error":{"code":"Not Found","description":"Quote not found for symbol: GRUBHUB"}}}
2026-08-24 13:01:08,813 |     Progress: 90/100
2026-08-24 13:01:08,813 |     Progress: 90/100
2026-08-24 13:01:10,130 | $GRUBHUB: possibly delisted; no price data found  (period=5d) (Yahoo error = "No data found, symbol may be delisted")
2026-08-24 13:01:10,130 | $GRUBHUB: possibly delisted; no price data found  (period=5d) (Yahoo error = "No data found, symbol may be delisted")
2026-08-24 13:01:10,168 | $ARKS: possibly delisted; no price data found  (period=5d) (Yahoo error = "No data found, symbol may be delisted")
2026-08-24 13:01:10,168 | $ARKS: possibly delisted; no price data found  (period=5d) (Yahoo error = "No data found, symbol may be delisted")
2026-08-24 13:01:10,711 | $RSX: possibly delisted; no price data found  (period=5d) (Yahoo error = "No data found, symbol may be delisted")
2026-08-24 13:01:10,711 | $RSX: possibly delisted; no price data found  (period=5d) (Yahoo error = "No data found, symbol may be delisted")
2026-08-24 13:01:10,712 |     Progress: 100/100
2026-08-24 13:01:10,712 |     Progress: 100/100
2026-08-24 13:01:10,726 | ✅ Found 96 trending symbols from yfinance
2026-08-24 13:01:10,726 | ✅ Found 96 trending symbols from yfinance
2026-08-24 13:01:10,726 | 
📊 TOP 20 TRENDING:
2026-08-24 13:01:10,726 | 
📊 TOP 20 TRENDING:
2026-08-24 13:01:10,726 |     1. INTC   | Score:    6286.20 | Momentum:  -10.64% | Vol:  452.4M | Volatility:   1.3% | Price: $   87.08
2026-08-24 13:01:10,726 |     1. INTC   | Score:    6286.20 | Momentum:  -10.64% | Vol:  452.4M | Volatility:   1.3% | Price: $   87.08
2026-08-24 13:01:10,726 |     2. COIN   | Score:    3333.14 | Momentum:  +21.40% | Vol:   65.2M | Volatility:   2.4% | Price: $  182.19
2026-08-24 13:01:10,726 |     2. COIN   | Score:    3333.14 | Momentum:  +21.40% | Vol:   65.2M | Volatility:   2.4% | Price: $  182.19
2026-08-24 13:01:10,727 |     3. WMT    | Score:    2673.23 | Momentum:   -8.46% | Vol:  181.5M | Volatility:   1.7% | Price: $  105.67
2026-08-24 13:01:10,727 |     3. WMT    | Score:    2673.23 | Momentum:   -8.46% | Vol:  181.5M | Volatility:   1.7% | Price: $  105.67
2026-08-24 13:01:10,727 |     4. NVDA   | Score:    2459.52 | Momentum:   -4.67% | Vol:  913.1M | Volatility:   0.6% | Price: $  209.71
2026-08-24 13:01:10,727 |     4. NVDA   | Score:    2459.52 | Momentum:   -4.67% | Vol:  913.1M | Volatility:   0.6% | Price: $  209.71
2026-08-24 13:01:10,727 |     5. TSLA   | Score:    1658.43 | Momentum:   +5.05% | Vol:  279.6M | Volatility:   1.2% | Price: $  353.86
2026-08-24 13:01:10,727 |     5. TSLA   | Score:    1658.43 | Momentum:   +5.05% | Vol:  279.6M | Volatility:   1.2% | Price: $  353.86
2026-08-24 13:01:10,727 |     6. RIVN   | Score:    1568.00 | Momentum:  +14.70% | Vol:  103.6M | Volatility:   1.0% | Price: $   16.71
2026-08-24 13:01:10,727 |     6. RIVN   | Score:    1568.00 | Momentum:  +14.70% | Vol:  103.6M | Volatility:   1.0% | Price: $   16.71
2026-08-24 13:01:10,727 |     7. MU     | Score:    1094.61 | Momentum:   -4.85% | Vol:  143.6M | Volatility:   1.6% | Price: $  911.22
2026-08-24 13:01:10,727 |     7. MU     | Score:    1094.61 | Momentum:   -4.85% | Vol:  143.6M | Volatility:   1.6% | Price: $  911.22
2026-08-24 13:01:10,727 |     8. CMG    | Score:    1028.28 | Momentum:  +12.30% | Vol:   71.0M | Volatility:   1.2% | Price: $   37.85
2026-08-24 13:01:10,727 |     8. CMG    | Score:    1028.28 | Momentum:  +12.30% | Vol:   71.0M | Volatility:   1.2% | Price: $   37.85
2026-08-24 13:01:10,727 |     9. BABA   | Score:    1021.44 | Momentum:   -6.82% | Vol:   96.6M | Volatility:   1.6% | Price: $  118.77
2026-08-24 13:01:10,727 |     9. BABA   | Score:    1021.44 | Momentum:   -6.82% | Vol:   96.6M | Volatility:   1.6% | Price: $  118.77
2026-08-24 13:01:10,727 |    10. FSLY   | Score:     764.87 | Momentum:  -15.26% | Vol:   22.3M | Volatility:   2.2% | Price: $   23.24
2026-08-24 13:01:10,727 |    10. FSLY   | Score:     764.87 | Momentum:  -15.26% | Vol:   22.3M | Volatility:   2.2% | Price: $   23.24
2026-08-24 13:01:10,727 |    11. ARKG   | Score:     598.89 | Momentum:  +10.56% | Vol:   35.0M | Volatility:   1.6% | Price: $   47.90
2026-08-24 13:01:10,727 |    11. ARKG   | Score:     598.89 | Momentum:  +10.56% | Vol:   35.0M | Volatility:   1.6% | Price: $   47.90
2026-08-24 13:01:10,727 |    12. LCID   | Score:     569.89 | Momentum:  -14.04% | Vol:   40.5M | Volatility:   1.0% | Price: $    5.14
2026-08-24 13:01:10,727 |    12. LCID   | Score:     569.89 | Momentum:  -14.04% | Vol:   40.5M | Volatility:   1.0% | Price: $    5.14
2026-08-24 13:01:10,727 |    13. SNAP   | Score:     513.21 | Momentum:   +3.51% | Vol:  150.5M | Volatility:   1.0% | Price: $    5.46
2026-08-24 13:01:10,727 |    13. SNAP   | Score:     513.21 | Momentum:   +3.51% | Vol:  150.5M | Volatility:   1.0% | Price: $    5.46
2026-08-24 13:01:10,727 |    14. CRWD   | Score:     506.40 | Momentum:  -10.13% | Vol:   34.8M | Volatility:   1.4% | Price: $  189.81
2026-08-24 13:01:10,727 |    14. CRWD   | Score:     506.40 | Momentum:  -10.13% | Vol:   34.8M | Volatility:   1.4% | Price: $  189.81
2026-08-24 13:01:10,727 |    15. AMD    | Score:     403.23 | Momentum:   -4.94% | Vol:   82.6M | Volatility:   1.0% | Price: $  457.82
2026-08-24 13:01:10,727 |    15. AMD    | Score:     403.23 | Momentum:   -4.94% | Vol:   82.6M | Volatility:   1.0% | Price: $  457.82
2026-08-24 13:01:10,727 |    16. GLD    | Score:     377.90 | Momentum:   +5.49% | Vol:   91.9M | Volatility:   0.7% | Price: $  425.20
2026-08-24 13:01:10,727 |    16. GLD    | Score:     377.90 | Momentum:   +5.49% | Vol:   91.9M | Volatility:   0.7% | Price: $  425.20
2026-08-24 13:01:10,727 |    17. PLTR   | Score:     349.13 | Momentum:   +2.58% | Vol:  127.2M | Volatility:   1.1% | Price: $  177.69
2026-08-24 13:01:10,727 |    17. PLTR   | Score:     349.13 | Momentum:   +2.58% | Vol:  127.2M | Volatility:   1.1% | Price: $  177.69
2026-08-24 13:01:10,727 |    18. NIO    | Score:     309.64 | Momentum:   -3.43% | Vol:  107.5M | Volatility:   0.8% | Price: $    4.36
2026-08-24 13:01:10,727 |    18. NIO    | Score:     309.64 | Momentum:   -3.43% | Vol:  107.5M | Volatility:   0.8% | Price: $    4.36
2026-08-24 13:01:10,728 |    19. XPEV   | Score:     307.05 | Momentum:   -5.24% | Vol:   41.3M | Volatility:   1.4% | Price: $   11.20
2026-08-24 13:01:10,728 |    19. XPEV   | Score:     307.05 | Momentum:   -5.24% | Vol:   41.3M | Volatility:   1.4% | Price: $   11.20
2026-08-24 13:01:10,728 |    20. EWZ    | Score:     271.24 | Momentum:   +3.40% | Vol:   95.2M | Volatility:   0.8% | Price: $   35.23
2026-08-24 13:01:10,728 |    20. EWZ    | Score:     271.24 | Momentum:   +3.40% | Vol:   95.2M | Volatility:   0.8% | Price: $   35.23
2026-08-24 13:01:10,728 |    ... and 76 more
2026-08-24 13:01:10,728 |    ... and 76 more
2026-08-24 13:01:10,728 | ================================================================================
2026-08-24 13:01:10,728 | ================================================================================
2026-08-24 13:01:10,728 | FILTERING BY MARKET CAP (min: $10.0B, vol: 1.0M)
2026-08-24 13:01:10,728 | FILTERING BY MARKET CAP (min: $10.0B, vol: 1.0M)
2026-08-24 13:01:10,728 | ================================================================================
2026-08-24 13:01:10,728 | ================================================================================
2026-08-24 13:01:12,167 | ✅ [  1/96] INTC   | Cap: $457.56B | Vol:  119.1M | Price: $    0.00
2026-08-24 13:01:12,167 | ✅ [  1/96] INTC   | Cap: $457.56B | Vol:  119.1M | Price: $    0.00
2026-08-24 13:01:13,258 | ✅ [  2/96] COIN   | Cap: $ 48.05B | Vol:    8.5M | Price: $    0.00
2026-08-24 13:01:13,258 | ✅ [  2/96] COIN   | Cap: $ 48.05B | Vol:    8.5M | Price: $    0.00
2026-08-24 13:01:14,394 | ✅ [  3/96] WMT    | Cap: $841.25B | Vol:   24.7M | Price: $    0.00
2026-08-24 13:01:14,394 | ✅ [  3/96] WMT    | Cap: $841.25B | Vol:   24.7M | Price: $    0.00
2026-08-24 13:01:15,542 | ✅ [  4/96] NVDA   | Cap: $5078.66B | Vol:  140.6M | Price: $    0.00
2026-08-24 13:01:15,542 | ✅ [  4/96] NVDA   | Cap: $5078.66B | Vol:  140.6M | Price: $    0.00
2026-08-24 13:01:16,425 | ✅ [  5/96] TSLA   | Cap: $1397.19B | Vol:   42.1M | Price: $    0.00
2026-08-24 13:01:16,425 | ✅ [  5/96] TSLA   | Cap: $1397.19B | Vol:   42.1M | Price: $    0.00
2026-08-24 13:01:17,373 | ✅ [  6/96] RIVN   | Cap: $ 24.19B | Vol:   32.6M | Price: $    0.00
2026-08-24 13:01:17,373 | ✅ [  6/96] RIVN   | Cap: $ 24.19B | Vol:   32.6M | Price: $    0.00
2026-08-24 13:01:18,306 | ✅ [  7/96] MU     | Cap: $1028.83B | Vol:   48.2M | Price: $    0.00
2026-08-24 13:01:18,306 | ✅ [  7/96] MU     | Cap: $1028.83B | Vol:   48.2M | Price: $    0.00
2026-08-24 13:01:19,183 | ✅ [  8/96] CMG    | Cap: $ 47.98B | Vol:   20.1M | Price: $    0.00
2026-08-24 13:01:19,183 | ✅ [  8/96] CMG    | Cap: $ 47.98B | Vol:   20.1M | Price: $    0.00
2026-08-24 13:01:20,089 | ✅ [  9/96] BABA   | Cap: $284.58B | Vol:   12.3M | Price: $    0.00
2026-08-24 13:01:20,089 | ✅ [  9/96] BABA   | Cap: $284.58B | Vol:   12.3M | Price: $    0.00
2026-08-24 13:01:26,262 | ✅ [ 14/96] CRWD   | Cap: $193.26B | Vol:   10.7M | Price: $    0.00
2026-08-24 13:01:26,262 | ✅ [ 14/96] CRWD   | Cap: $193.26B | Vol:   10.7M | Price: $    0.00
2026-08-24 13:01:27,122 | ✅ [ 15/96] AMD    | Cap: $747.05B | Vol:   28.8M | Price: $    0.00
2026-08-24 13:01:27,122 | ✅ [ 15/96] AMD    | Cap: $747.05B | Vol:   28.8M | Price: $    0.00
2026-08-24 13:01:29,960 | ✅ [ 17/96] PLTR   | Cap: $426.72B | Vol:   43.2M | Price: $    0.00
2026-08-24 13:01:29,960 | ✅ [ 17/96] PLTR   | Cap: $426.72B | Vol:   43.2M | Price: $    0.00
2026-08-24 13:01:31,095 | ✅ [ 18/96] NIO    | Cap: $ 10.94B | Vol:   29.7M | Price: $    0.00
2026-08-24 13:01:31,095 | ✅ [ 18/96] NIO    | Cap: $ 10.94B | Vol:   29.7M | Price: $    0.00
2026-08-24 13:01:32,262 | ✅ [ 19/96] XPEV   | Cap: $ 10.72B | Vol:    7.2M | Price: $    0.00
2026-08-24 13:01:32,262 | ✅ [ 19/96] XPEV   | Cap: $ 10.72B | Vol:    7.2M | Price: $    0.00
2026-08-24 13:01:35,215 | ✅ [ 21/96] CRM    | Cap: $171.66B | Vol:   14.9M | Price: $    0.00
2026-08-24 13:01:35,215 | ✅ [ 21/96] CRM    | Cap: $171.66B | Vol:   14.9M | Price: $    0.00
2026-08-24 13:01:38,141 | ✅ [ 23/96] NFLX   | Cap: $335.57B | Vol:   42.6M | Price: $    0.00
2026-08-24 13:01:38,141 | ✅ [ 23/96] NFLX   | Cap: $335.57B | Vol:   42.6M | Price: $    0.00
2026-08-24 13:01:39,242 | ✅ [ 24/96] CPNG   | Cap: $ 29.45B | Vol:   21.6M | Price: $    0.00
2026-08-24 13:01:39,242 | ✅ [ 24/96] CPNG   | Cap: $ 29.45B | Vol:   21.6M | Price: $    0.00
2026-08-24 13:01:42,407 | ✅ [ 26/96] KO     | Cap: $395.60B | Vol:   17.6M | Price: $    0.00
2026-08-24 13:01:42,407 | ✅ [ 26/96] KO     | Cap: $395.60B | Vol:   17.6M | Price: $    0.00
2026-08-24 13:01:43,477 | ✅ [ 27/96] T      | Cap: $176.31B | Vol:   62.9M | Price: $    0.00
2026-08-24 13:01:43,477 | ✅ [ 27/96] T      | Cap: $176.31B | Vol:   62.9M | Price: $    0.00
2026-08-24 13:01:44,422 | ✅ [ 28/96] AAPL   | Cap: $4552.65B | Vol:   56.4M | Price: $    0.00
2026-08-24 13:01:44,422 | ✅ [ 28/96] AAPL   | Cap: $4552.65B | Vol:   56.4M | Price: $    0.00
2026-08-24 13:01:45,263 | ✅ [ 29/96] OKTA   | Cap: $ 22.64B | Vol:    3.6M | Price: $    0.00
2026-08-24 13:01:45,263 | ✅ [ 29/96] OKTA   | Cap: $ 22.64B | Vol:    3.6M | Price: $    0.00
2026-08-24 13:01:47,930 | ✅ [ 31/96] DDOG   | Cap: $ 81.91B | Vol:    5.2M | Price: $    0.00
2026-08-24 13:01:47,930 | ✅ [ 31/96] DDOG   | Cap: $ 81.91B | Vol:    5.2M | Price: $    0.00
2026-08-24 13:01:48,890 | ✅ [ 32/96] UBER   | Cap: $160.38B | Vol:   20.7M | Price: $    0.00
2026-08-24 13:01:48,890 | ✅ [ 32/96] UBER   | Cap: $160.38B | Vol:   20.7M | Price: $    0.00
2026-08-24 13:01:50,071 | ✅ [ 33/96] BA     | Cap: $165.54B | Vol:    5.9M | Price: $    0.00
2026-08-24 13:01:50,071 | ✅ [ 33/96] BA     | Cap: $165.54B | Vol:    5.9M | Price: $    0.00
2026-08-24 13:01:50,956 | ✅ [ 34/96] NET    | Cap: $100.82B | Vol:    3.7M | Price: $    0.00
2026-08-24 13:01:50,956 | ✅ [ 34/96] NET    | Cap: $100.82B | Vol:    3.7M | Price: $    0.00
2026-08-24 13:01:51,878 | ✅ [ 35/96] VZ     | Cap: $208.72B | Vol:   27.0M | Price: $    0.00
2026-08-24 13:01:51,878 | ✅ [ 35/96] VZ     | Cap: $208.72B | Vol:   27.0M | Price: $    0.00
2026-08-24 13:01:54,596 | ✅ [ 37/96] GOOGL  | Cap: $4264.33B | Vol:   32.0M | Price: $    0.00
2026-08-24 13:01:54,596 | ✅ [ 37/96] GOOGL  | Cap: $4264.33B | Vol:   32.0M | Price: $    0.00
2026-08-24 13:01:57,311 | ✅ [ 39/96] V      | Cap: $710.19B | Vol:    8.1M | Price: $    0.00
2026-08-24 13:01:57,311 | ✅ [ 39/96] V      | Cap: $710.19B | Vol:    8.1M | Price: $    0.00
2026-08-24 13:01:58,186 | ✅ [ 40/96] INTU   | Cap: $101.32B | Vol:    5.1M | Price: $    0.00
2026-08-24 13:01:58,186 | ✅ [ 40/96] INTU   | Cap: $101.32B | Vol:    5.1M | Price: $    0.00
2026-08-24 13:01:59,176 | ✅ [ 41/96] RBLX   | Cap: $ 27.72B | Vol:   11.9M | Price: $    0.00
2026-08-24 13:01:59,176 | ✅ [ 41/96] RBLX   | Cap: $ 27.72B | Vol:   11.9M | Price: $    0.00
2026-08-24 13:02:00,181 | ✅ [ 42/96] ADBE   | Cap: $109.69B | Vol:    6.4M | Price: $    0.00
2026-08-24 13:02:00,181 | ✅ [ 42/96] ADBE   | Cap: $109.69B | Vol:    6.4M | Price: $    0.00
2026-08-24 13:02:01,122 | ✅ [ 43/96] ABT    | Cap: $201.90B | Vol:   11.9M | Price: $    0.00
2026-08-24 13:02:01,122 | ✅ [ 43/96] ABT    | Cap: $201.90B | Vol:   11.9M | Price: $    0.00
2026-08-24 13:02:02,123 | ✅ [ 44/96] ABNB   | Cap: $112.32B | Vol:    4.2M | Price: $    0.00
2026-08-24 13:02:02,123 | ✅ [ 44/96] ABNB   | Cap: $112.32B | Vol:    4.2M | Price: $    0.00
2026-08-24 13:02:03,030 | ✅ [ 45/96] GM     | Cap: $ 78.55B | Vol:    7.5M | Price: $    0.00
2026-08-24 13:02:03,030 | ✅ [ 45/96] GM     | Cap: $ 78.55B | Vol:    7.5M | Price: $    0.00
2026-08-24 13:02:03,886 | ✅ [ 46/96] DASH   | Cap: $ 99.97B | Vol:    4.6M | Price: $    0.00
2026-08-24 13:02:03,886 | ✅ [ 46/96] DASH   | Cap: $ 99.97B | Vol:    4.6M | Price: $    0.00
2026-08-24 13:02:04,895 | ✅ [ 47/96] META   | Cap: $1418.91B | Vol:   18.5M | Price: $    0.00
2026-08-24 13:02:04,895 | ✅ [ 47/96] META   | Cap: $1418.91B | Vol:   18.5M | Price: $    0.00
2026-08-24 13:02:05,736 | ✅ [ 48/96] MSFT   | Cap: $3624.82B | Vol:   39.6M | Price: $    0.00
2026-08-24 13:02:05,736 | ✅ [ 48/96] MSFT   | Cap: $3624.82B | Vol:   39.6M | Price: $    0.00
2026-08-24 13:02:11,112 | ✅ [ 52/96] AMZN   | Cap: $2830.11B | Vol:   49.7M | Price: $    0.00
2026-08-24 13:02:11,112 | ✅ [ 52/96] AMZN   | Cap: $2830.11B | Vol:   49.7M | Price: $    0.00
2026-08-24 13:02:12,093 | ✅ [ 53/96] PG     | Cap: $339.00B | Vol:    9.2M | Price: $    0.00
2026-08-24 13:02:12,093 | ✅ [ 53/96] PG     | Cap: $339.00B | Vol:    9.2M | Price: $    0.00
2026-08-24 13:02:12,997 | ✅ [ 54/96] LLY    | Cap: $1108.23B | Vol:    3.0M | Price: $    0.00
2026-08-24 13:02:12,997 | ✅ [ 54/96] LLY    | Cap: $1108.23B | Vol:    3.0M | Price: $    0.00
2026-08-24 13:02:22,231 | ✅ [ 60/96] BKNG   | Cap: $160.22B | Vol:    7.0M | Price: $    0.00
2026-08-24 13:02:22,231 | ✅ [ 60/96] BKNG   | Cap: $160.22B | Vol:    7.0M | Price: $    0.00
2026-08-24 13:02:25,025 | ✅ [ 62/96] JD     | Cap: $ 39.27B | Vol:    8.6M | Price: $    0.00
2026-08-24 13:02:25,025 | ✅ [ 62/96] JD     | Cap: $ 39.27B | Vol:    8.6M | Price: $    0.00
2026-08-24 13:02:30,071 | ✅ [ 65/96] F      | Cap: $ 55.71B | Vol:   56.6M | Price: $    0.00
2026-08-24 13:02:30,071 | ✅ [ 65/96] F      | Cap: $ 55.71B | Vol:   56.6M | Price: $    0.00
2026-08-24 13:02:30,989 | ✅ [ 66/96] JNJ    | Cap: $656.20B | Vol:    8.0M | Price: $    0.00
2026-08-24 13:02:30,989 | ✅ [ 66/96] JNJ    | Cap: $656.20B | Vol:    8.0M | Price: $    0.00
2026-08-24 13:02:33,798 | ✅ [ 68/96] ZM     | Cap: $ 30.39B | Vol:    3.7M | Price: $    0.00
2026-08-24 13:02:33,798 | ✅ [ 68/96] ZM     | Cap: $ 30.39B | Vol:    3.7M | Price: $    0.00
2026-08-24 13:02:34,670 | ✅ [ 69/96] PDD    | Cap: $124.23B | Vol:    8.6M | Price: $    0.00
2026-08-24 13:02:34,670 | ✅ [ 69/96] PDD    | Cap: $124.23B | Vol:    8.6M | Price: $    0.00
2026-08-24 13:02:35,706 | ✅ [ 70/96] PYPL   | Cap: $ 52.80B | Vol:   15.9M | Price: $    0.00
2026-08-24 13:02:35,706 | ✅ [ 70/96] PYPL   | Cap: $ 52.80B | Vol:   15.9M | Price: $    0.00
2026-08-24 13:02:38,649 | ✅ [ 72/96] PINS   | Cap: $ 13.29B | Vol:   15.1M | Price: $    0.00
2026-08-24 13:02:38,649 | ✅ [ 72/96] PINS   | Cap: $ 13.29B | Vol:   15.1M | Price: $    0.00
2026-08-24 13:02:41,650 | ✅ [ 74/96] U      | Cap: $ 20.40B | Vol:    9.6M | Price: $    0.00
2026-08-24 13:02:41,650 | ✅ [ 74/96] U      | Cap: $ 20.40B | Vol:    9.6M | Price: $    0.00
2026-08-24 13:02:42,732 | ✅ [ 75/96] JPM    | Cap: $945.10B | Vol:    8.8M | Price: $    0.00
2026-08-24 13:02:42,732 | ✅ [ 75/96] JPM    | Cap: $945.10B | Vol:    8.8M | Price: $    0.00
2026-08-24 13:02:43,966 | ✅ [ 76/96] XOM    | Cap: $672.30B | Vol:   15.8M | Price: $    0.00
2026-08-24 13:02:43,966 | ✅ [ 76/96] XOM    | Cap: $672.30B | Vol:   15.8M | Price: $    0.00
2026-08-24 13:02:44,920 | ✅ [ 77/96] MCD    | Cap: $192.79B | Vol:    4.6M | Price: $    0.00
2026-08-24 13:02:44,920 | ✅ [ 77/96] MCD    | Cap: $192.79B | Vol:    4.6M | Price: $    0.00
2026-08-24 13:02:45,964 | ✅ [ 78/96] CVX    | Cap: $398.50B | Vol:    8.7M | Price: $    0.00
2026-08-24 13:02:45,964 | ✅ [ 78/96] CVX    | Cap: $398.50B | Vol:    8.7M | Price: $    0.00
2026-08-24 13:02:47,144 | ✅ [ 79/96] CSCO   | Cap: $436.81B | Vol:   23.9M | Price: $    0.00
2026-08-24 13:02:47,144 | ✅ [ 79/96] CSCO   | Cap: $436.81B | Vol:   23.9M | Price: $    0.00
2026-08-24 13:02:52,030 | ✅ [ 82/96] QCOM   | Cap: $166.58B | Vol:   16.8M | Price: $    0.00
2026-08-24 13:02:52,030 | ✅ [ 82/96] QCOM   | Cap: $166.58B | Vol:   16.8M | Price: $    0.00
2026-08-24 13:02:53,191 | ✅ [ 83/96] IBM    | Cap: $218.90B | Vol:   10.8M | Price: $    0.00
2026-08-24 13:02:53,191 | ✅ [ 83/96] IBM    | Cap: $218.90B | Vol:   10.8M | Price: $    0.00
2026-08-24 13:02:57,758 | ✅ [ 86/96] SNOW   | Cap: $112.81B | Vol:    7.1M | Price: $    0.00
2026-08-24 13:02:57,758 | ✅ [ 86/96] SNOW   | Cap: $112.81B | Vol:    7.1M | Price: $    0.00
2026-08-24 13:03:00,868 | ✅ [ 88/96] SHOP   | Cap: $192.08B | Vol:    9.4M | Price: $    0.00
2026-08-24 13:03:00,868 | ✅ [ 88/96] SHOP   | Cap: $192.08B | Vol:    9.4M | Price: $    0.00
2026-08-24 13:03:02,052 | ✅ [ 89/96] SBUX   | Cap: $122.31B | Vol:    7.5M | Price: $    0.00
2026-08-24 13:03:02,052 | ✅ [ 89/96] SBUX   | Cap: $122.31B | Vol:    7.5M | Price: $    0.00
2026-08-24 13:03:04,939 | ✅ [ 91/96] AXP    | Cap: $228.14B | Vol:    3.0M | Price: $    0.00
2026-08-24 13:03:04,939 | ✅ [ 91/96] AXP    | Cap: $228.14B | Vol:    3.0M | Price: $    0.00
2026-08-24 13:03:05,886 | ✅ [ 92/96] BRK-B  | Cap: $1074.73B | Vol:    4.8M | Price: $    0.00
2026-08-24 13:03:05,886 | ✅ [ 92/96] BRK-B  | Cap: $1074.73B | Vol:    4.8M | Price: $    0.00
2026-08-24 13:03:13,997 | ================================================================================
2026-08-24 13:03:13,997 | ================================================================================
2026-08-24 13:03:13,998 | ✅ FILTERED: 96 → 61 symbols
2026-08-24 13:03:13,998 | ✅ FILTERED: 96 → 61 symbols
2026-08-24 13:03:13,998 |    Passed: 61 | Skipped: 35
2026-08-24 13:03:13,998 |    Passed: 61 | Skipped: 35
2026-08-24 13:03:13,998 | ================================================================================
2026-08-24 13:03:13,998 | ================================================================================
2026-08-24 13:03:13,998 | ✅ Ready to scan 50 liquid, established equities

2026-08-24 13:03:13,998 | ✅ Ready to scan 50 liquid, established equities

2026-08-24 13:03:13,998 | ================================================================================

2026-08-24 13:03:13,998 | ================================================================================

2026-08-24 13:03:13,998 | ================================================================================
2026-08-24 13:03:13,998 | ================================================================================
2026-08-24 13:03:13,998 | CYCLE | 2026-08-24 13:03:13 | PRODUCTION BOT (ENTRY + EXIT)
2026-08-24 13:03:13,998 | CYCLE | 2026-08-24 13:03:13 | PRODUCTION BOT (ENTRY + EXIT)
2026-08-24 13:03:13,998 | Scanning 50 symbols for entry + managing 1 open positions
2026-08-24 13:03:13,998 | Scanning 50 symbols for entry + managing 1 open positions
2026-08-24 13:03:13,998 | ================================================================================
2026-08-24 13:03:13,998 | ================================================================================
2026-08-24 13:03:13,999 | 
📋 PHASE 1: Exit Management
2026-08-24 13:03:13,999 | 
📋 PHASE 1: Exit Management
2026-08-24 13:03:13,999 | --------------------------------------------------------------------------------
2026-08-24 13:03:13,999 | --------------------------------------------------------------------------------
2026-08-24 13:03:14,892 | 🔴 EXIT SIGNAL: AMZN SELL 1 @ $262.25 | TAKE-PROFIT | PnL: -0.35%
2026-08-24 13:03:14,892 | 🔴 EXIT SIGNAL: AMZN SELL 1 @ $262.25 | TAKE-PROFIT | PnL: -0.35%
2026-08-24 13:03:15,662 | ✅ Exit order executed: {'jsonrpc': '2.0', 'id': 2, 'result': {'content': [{'type': 'text', 'text': '{"data":{"order":{"id":"6a8c8763-1bd3-465e-83f9-4f82ed0485df","instrument_id":"c0bb3aec-bd1e-471e-a4f0-ca011cbec711","symbol":"","side":"sell","type":"market","state":"unconfirmed","quantity":"1.000000","cumulative_quantity":"0.000000","price":null,"stop_price":null,"average_price":null,"fees":"0.000000","dollar_based_amount":null,"time_in_force":"gfd","market_hours":"regular_hours","trigger":"immediate","placed_agent":"agentic","created_at":"2026-08-24T18:03:15.495349Z","last_transaction_at":"2026-08-24T18:03:15.495349Z","executions":[]}},"guide":"The order has been submitted â\x80\x94 not necessarily filled. Describe with state. Tell the user the order was placed and summarize symbol, side, type, quantity (or dollar_based_amount), and limit/stop prices; remind them it may not have filled yet and that they can check status or cancel via id. On error, the order was NOT placed â\x80\x94 report the error verbatim."}'}], 'structuredContent': {'data': {'order': {'id': '6a8c8763-1bd3-465e-83f9-4f82ed0485df', 'instrument_id': 'c0bb3aec-bd1e-471e-a4f0-ca011cbec711', 'symbol': '', 'side': 'sell', 'type': 'market', 'state': 'unconfirmed', 'quantity': '1.000000', 'cumulative_quantity': '0.000000', 'price': None, 'stop_price': None, 'average_price': None, 'fees': '0.000000', 'dollar_based_amount': None, 'time_in_force': 'gfd', 'market_hours': 'regular_hours', 'trigger': 'immediate', 'placed_agent': 'agentic', 'created_at': '2026-08-24T18:03:15.495349Z', 'last_transaction_at': '2026-08-24T18:03:15.495349Z', 'executions': []}}, 'guide': 'The order has been submitted â\x80\x94 not necessarily filled. Describe with state. Tell the user the order was placed and summarize symbol, side, type, quantity (or dollar_based_amount), and limit/stop prices; remind them it may not have filled yet and that they can check status or cancel via id. On error, the order was NOT placed â\x80\x94 report the error verbatim.'}}}
2026-08-24 13:03:15,662 | ✅ Exit order executed: {'jsonrpc': '2.0', 'id': 2, 'result': {'content': [{'type': 'text', 'text': '{"data":{"order":{"id":"6a8c8763-1bd3-465e-83f9-4f82ed0485df","instrument_id":"c0bb3aec-bd1e-471e-a4f0-ca011cbec711","symbol":"","side":"sell","type":"market","state":"unconfirmed","quantity":"1.000000","cumulative_quantity":"0.000000","price":null,"stop_price":null,"average_price":null,"fees":"0.000000","dollar_based_amount":null,"time_in_force":"gfd","market_hours":"regular_hours","trigger":"immediate","placed_agent":"agentic","created_at":"2026-08-24T18:03:15.495349Z","last_transaction_at":"2026-08-24T18:03:15.495349Z","executions":[]}},"guide":"The order has been submitted â\x80\x94 not necessarily filled. Describe with state. Tell the user the order was placed and summarize symbol, side, type, quantity (or dollar_based_amount), and limit/stop prices; remind them it may not have filled yet and that they can check status or cancel via id. On error, the order was NOT placed â\x80\x94 report the error verbatim."}'}], 'structuredContent': {'data': {'order': {'id': '6a8c8763-1bd3-465e-83f9-4f82ed0485df', 'instrument_id': 'c0bb3aec-bd1e-471e-a4f0-ca011cbec711', 'symbol': '', 'side': 'sell', 'type': 'market', 'state': 'unconfirmed', 'quantity': '1.000000', 'cumulative_quantity': '0.000000', 'price': None, 'stop_price': None, 'average_price': None, 'fees': '0.000000', 'dollar_based_amount': None, 'time_in_force': 'gfd', 'market_hours': 'regular_hours', 'trigger': 'immediate', 'placed_agent': 'agentic', 'created_at': '2026-08-24T18:03:15.495349Z', 'last_transaction_at': '2026-08-24T18:03:15.495349Z', 'executions': []}}, 'guide': 'The order has been submitted â\x80\x94 not necessarily filled. Describe with state. Tell the user the order was placed and summarize symbol, side, type, quantity (or dollar_based_amount), and limit/stop prices; remind them it may not have filled yet and that they can check status or cancel via id. On error, the order was NOT placed â\x80\x94 report the error verbatim.'}}}
2026-08-24 13:03:15,663 | 🗑️  Position removed: AMZN
2026-08-24 13:03:15,663 | 🗑️  Position removed: AMZN
2026-08-24 13:03:15,663 | 📊 Exits Executed: 1
2026-08-24 13:03:15,663 | 📊 Exits Executed: 1
2026-08-24 13:03:15,663 | 
📋 PHASE 2: Entry Screening
2026-08-24 13:03:15,663 | 
📋 PHASE 2: Entry Screening
2026-08-24 13:03:15,664 | --------------------------------------------------------------------------------
2026-08-24 13:03:15,664 | --------------------------------------------------------------------------------
2026-08-24 13:03:16,486 | ✅ [ 1/50] INTC   | ADX:    7.7 | Stoch:   38.4
2026-08-24 13:03:16,486 | ✅ [ 1/50] INTC   | ADX:    7.7 | Stoch:   38.4
2026-08-24 13:03:17,146 | ✅ [ 2/50] COIN   | ADX:   15.2 | Stoch:    9.1
2026-08-24 13:03:17,146 | ✅ [ 2/50] COIN   | ADX:   15.2 | Stoch:    9.1
2026-08-24 13:03:18,011 | ✅ [ 3/50] WMT    | ADX:   12.8 | Stoch:   96.8
2026-08-24 13:03:18,011 | ✅ [ 3/50] WMT    | ADX:   12.8 | Stoch:   96.8
2026-08-24 13:03:18,687 | ✅ [ 4/50] NVDA   | ADX:   15.1 | Stoch:   15.6
2026-08-24 13:03:18,687 | ✅ [ 4/50] NVDA   | ADX:   15.1 | Stoch:   15.6
2026-08-24 13:03:19,352 | ✅ [ 5/50] TSLA   | ADX:   23.5 | Stoch:   16.4
2026-08-24 13:03:19,352 | ✅ [ 5/50] TSLA   | ADX:   23.5 | Stoch:   16.4
2026-08-24 13:03:20,017 | ✅ [ 6/50] RIVN   | ADX:   11.8 | Stoch:   18.1
2026-08-24 13:03:20,017 | ✅ [ 6/50] RIVN   | ADX:   11.8 | Stoch:   18.1
2026-08-24 13:03:20,736 | ✅ [ 7/50] MU     | ADX:    8.3 | Stoch:   31.2
2026-08-24 13:03:20,736 | ✅ [ 7/50] MU     | ADX:    8.3 | Stoch:   31.2
2026-08-24 13:03:21,406 | ✅ [ 8/50] CMG    | ADX:    7.2 | Stoch:   86.8
2026-08-24 13:03:21,406 | ✅ [ 8/50] CMG    | ADX:    7.2 | Stoch:   86.8
2026-08-24 13:03:22,065 | ✅ [ 9/50] BABA   | ADX:   22.4 | Stoch:   57.0
2026-08-24 13:03:22,065 | ✅ [ 9/50] BABA   | ADX:   22.4 | Stoch:   57.0
2026-08-24 13:03:22,690 | ✅ [10/50] CRWD   | ADX:   21.0 | Stoch:   21.0
2026-08-24 13:03:22,690 | ✅ [10/50] CRWD   | ADX:   21.0 | Stoch:   21.0
2026-08-24 13:03:22,690 | 🎯 ENTRY SIGNAL: CRWD BUY 1 @ $189.89
2026-08-24 13:03:22,690 | 🎯 ENTRY SIGNAL: CRWD BUY 1 @ $189.89
2026-08-24 13:03:23,397 | ✅ Entry order executed: {'jsonrpc': '2.0', 'id': 3, 'result': {'content': [{'type': 'text', 'text': '{"data":{"order":{"id":"6a8c876b-ddc7-4684-aede-aee3b05a53a4","instrument_id":"4b4d198e-fe71-487c-8e3b-584732a2bfaa","symbol":"","side":"buy","type":"market","state":"unconfirmed","quantity":"1.000000","cumulative_quantity":"0.000000","price":"189.910000","stop_price":null,"average_price":null,"fees":"0.000000","dollar_based_amount":null,"time_in_force":"gfd","market_hours":"regular_hours","trigger":"immediate","placed_agent":"agentic","created_at":"2026-08-24T18:03:23.205073Z","last_transaction_at":"2026-08-24T18:03:23.205073Z","executions":[]}},"guide":"The order has been submitted â\x80\x94 not necessarily filled. Describe with state. Tell the user the order was placed and summarize symbol, side, type, quantity (or dollar_based_amount), and limit/stop prices; remind them it may not have filled yet and that they can check status or cancel via id. On error, the order was NOT placed â\x80\x94 report the error verbatim."}'}], 'structuredContent': {'data': {'order': {'id': '6a8c876b-ddc7-4684-aede-aee3b05a53a4', 'instrument_id': '4b4d198e-fe71-487c-8e3b-584732a2bfaa', 'symbol': '', 'side': 'buy', 'type': 'market', 'state': 'unconfirmed', 'quantity': '1.000000', 'cumulative_quantity': '0.000000', 'price': '189.910000', 'stop_price': None, 'average_price': None, 'fees': '0.000000', 'dollar_based_amount': None, 'time_in_force': 'gfd', 'market_hours': 'regular_hours', 'trigger': 'immediate', 'placed_agent': 'agentic', 'created_at': '2026-08-24T18:03:23.205073Z', 'last_transaction_at': '2026-08-24T18:03:23.205073Z', 'executions': []}}, 'guide': 'The order has been submitted â\x80\x94 not necessarily filled. Describe with state. Tell the user the order was placed and summarize symbol, side, type, quantity (or dollar_based_amount), and limit/stop prices; remind them it may not have filled yet and that they can check status or cancel via id. On error, the order was NOT placed â\x80\x94 report the error verbatim.'}}}
2026-08-24 13:03:23,397 | ✅ Entry order executed: {'jsonrpc': '2.0', 'id': 3, 'result': {'content': [{'type': 'text', 'text': '{"data":{"order":{"id":"6a8c876b-ddc7-4684-aede-aee3b05a53a4","instrument_id":"4b4d198e-fe71-487c-8e3b-584732a2bfaa","symbol":"","side":"buy","type":"market","state":"unconfirmed","quantity":"1.000000","cumulative_quantity":"0.000000","price":"189.910000","stop_price":null,"average_price":null,"fees":"0.000000","dollar_based_amount":null,"time_in_force":"gfd","market_hours":"regular_hours","trigger":"immediate","placed_agent":"agentic","created_at":"2026-08-24T18:03:23.205073Z","last_transaction_at":"2026-08-24T18:03:23.205073Z","executions":[]}},"guide":"The order has been submitted â\x80\x94 not necessarily filled. Describe with state. Tell the user the order was placed and summarize symbol, side, type, quantity (or dollar_based_amount), and limit/stop prices; remind them it may not have filled yet and that they can check status or cancel via id. On error, the order was NOT placed â\x80\x94 report the error verbatim."}'}], 'structuredContent': {'data': {'order': {'id': '6a8c876b-ddc7-4684-aede-aee3b05a53a4', 'instrument_id': '4b4d198e-fe71-487c-8e3b-584732a2bfaa', 'symbol': '', 'side': 'buy', 'type': 'market', 'state': 'unconfirmed', 'quantity': '1.000000', 'cumulative_quantity': '0.000000', 'price': '189.910000', 'stop_price': None, 'average_price': None, 'fees': '0.000000', 'dollar_based_amount': None, 'time_in_force': 'gfd', 'market_hours': 'regular_hours', 'trigger': 'immediate', 'placed_agent': 'agentic', 'created_at': '2026-08-24T18:03:23.205073Z', 'last_transaction_at': '2026-08-24T18:03:23.205073Z', 'executions': []}}, 'guide': 'The order has been submitted â\x80\x94 not necessarily filled. Describe with state. Tell the user the order was placed and summarize symbol, side, type, quantity (or dollar_based_amount), and limit/stop prices; remind them it may not have filled yet and that they can check status or cancel via id. On error, the order was NOT placed â\x80\x94 report the error verbatim.'}}}
2026-08-24 13:03:23,399 | 📝 Position tracked: CRWD 1@ $189.89 @ 2026-08-24 13:03:13
2026-08-24 13:03:23,399 | 📝 Position tracked: CRWD 1@ $189.89 @ 2026-08-24 13:03:13
2026-08-24 13:03:24,080 | ✅ [11/50] AMD    | ADX:    7.7 | Stoch:   30.1
2026-08-24 13:03:24,080 | ✅ [11/50] AMD    | ADX:    7.7 | Stoch:   30.1
2026-08-24 13:03:24,828 | ✅ [12/50] PLTR   | ADX:   36.4 | Stoch:   64.8
2026-08-24 13:03:24,828 | ✅ [12/50] PLTR   | ADX:   36.4 | Stoch:   64.8
2026-08-24 13:03:25,549 | ✅ [13/50] NIO    | ADX:    7.4 | Stoch:    1.8
2026-08-24 13:03:25,549 | ✅ [13/50] NIO    | ADX:    7.4 | Stoch:    1.8
2026-08-24 13:03:26,219 | ✅ [14/50] XPEV   | ADX:   15.7 | Stoch:    3.6
2026-08-24 13:03:26,219 | ✅ [14/50] XPEV   | ADX:   15.7 | Stoch:    3.6
2026-08-24 13:03:27,054 | ✅ [15/50] CRM    | ADX:   20.0 | Stoch:   44.1
2026-08-24 13:03:27,054 | ✅ [15/50] CRM    | ADX:   20.0 | Stoch:   44.1
2026-08-24 13:03:27,714 | ✅ [16/50] NFLX   | ADX:   22.5 | Stoch:   91.6
2026-08-24 13:03:27,714 | ✅ [16/50] NFLX   | ADX:   22.5 | Stoch:   91.6
2026-08-24 13:03:28,819 | ✅ [17/50] CPNG   | ADX:    6.9 | Stoch:   28.9
2026-08-24 13:03:28,819 | ✅ [17/50] CPNG   | ADX:    6.9 | Stoch:   28.9
2026-08-24 13:03:29,563 | ✅ [18/50] KO     | ADX:   20.2 | Stoch:   67.4
2026-08-24 13:03:29,563 | ✅ [18/50] KO     | ADX:   20.2 | Stoch:   67.4
2026-08-24 13:03:30,291 | ✅ [19/50] T      | ADX:   14.8 | Stoch:   98.2
2026-08-24 13:03:30,291 | ✅ [19/50] T      | ADX:   14.8 | Stoch:   98.2
2026-08-24 13:03:30,981 | ✅ [20/50] AAPL   | ADX:   18.1 | Stoch:   71.5
2026-08-24 13:03:30,981 | ✅ [20/50] AAPL   | ADX:   18.1 | Stoch:   71.5
2026-08-24 13:03:31,675 | ✅ [21/50] OKTA   | ADX:   10.1 | Stoch:   10.5
2026-08-24 13:03:31,675 | ✅ [21/50] OKTA   | ADX:   10.1 | Stoch:   10.5
2026-08-24 13:03:32,313 | ✅ [22/50] DDOG   | ADX:   10.1 | Stoch:   20.0
2026-08-24 13:03:32,313 | ✅ [22/50] DDOG   | ADX:   10.1 | Stoch:   20.0
2026-08-24 13:03:32,987 | ✅ [23/50] UBER   | ADX:   13.4 | Stoch:   34.6
2026-08-24 13:03:32,987 | ✅ [23/50] UBER   | ADX:   13.4 | Stoch:   34.6
2026-08-24 13:03:33,669 | ✅ [24/50] BA     | ADX:   18.2 | Stoch:   10.2
2026-08-24 13:03:33,669 | ✅ [24/50] BA     | ADX:   18.2 | Stoch:   10.2
2026-08-24 13:03:34,377 | ✅ [25/50] NET    | ADX:   16.6 | Stoch:   15.4
2026-08-24 13:03:34,377 | ✅ [25/50] NET    | ADX:   16.6 | Stoch:   15.4
2026-08-24 13:03:35,085 | ✅ [26/50] VZ     | ADX:    7.8 | Stoch:   98.1
2026-08-24 13:03:35,085 | ✅ [26/50] VZ     | ADX:    7.8 | Stoch:   98.1
2026-08-24 13:03:35,729 | ✅ [27/50] GOOGL  | ADX:   12.8 | Stoch:   68.1
2026-08-24 13:03:35,729 | ✅ [27/50] GOOGL  | ADX:   12.8 | Stoch:   68.1
2026-08-24 13:03:36,520 | ✅ [28/50] V      | ADX:    4.2 | Stoch:   85.8
2026-08-24 13:03:36,520 | ✅ [28/50] V      | ADX:    4.2 | Stoch:   85.8
2026-08-24 13:03:37,245 | ✅ [29/50] INTU   | ADX:   23.2 | Stoch:   73.0
2026-08-24 13:03:37,245 | ✅ [29/50] INTU   | ADX:   23.2 | Stoch:   73.0
2026-08-24 13:03:37,944 | ✅ [30/50] RBLX   | ADX:   28.2 | Stoch:   24.9
2026-08-24 13:03:37,944 | ✅ [30/50] RBLX   | ADX:   28.2 | Stoch:   24.9
2026-08-24 13:03:38,621 | ✅ [31/50] ADBE   | ADX:   16.3 | Stoch:   55.7
2026-08-24 13:03:38,621 | ✅ [31/50] ADBE   | ADX:   16.3 | Stoch:   55.7
2026-08-24 13:03:39,344 | ✅ [32/50] ABT    | ADX:   19.0 | Stoch:   50.7
2026-08-24 13:03:39,344 | ✅ [32/50] ABT    | ADX:   19.0 | Stoch:   50.7
2026-08-24 13:03:40,024 | ✅ [33/50] ABNB   | ADX:   40.6 | Stoch:   57.8
2026-08-24 13:03:40,024 | ✅ [33/50] ABNB   | ADX:   40.6 | Stoch:   57.8
2026-08-24 13:03:40,799 | ✅ [34/50] GM     | ADX:   16.2 | Stoch:   43.4
2026-08-24 13:03:40,799 | ✅ [34/50] GM     | ADX:   16.2 | Stoch:   43.4
2026-08-24 13:03:41,563 | ✅ [35/50] DASH   | ADX:   24.7 | Stoch:   92.1
2026-08-24 13:03:41,563 | ✅ [35/50] DASH   | ADX:   24.7 | Stoch:   92.1
2026-08-24 13:03:42,291 | ✅ [36/50] META   | ADX:    8.9 | Stoch:   82.1
2026-08-24 13:03:42,291 | ✅ [36/50] META   | ADX:    8.9 | Stoch:   82.1
2026-08-24 13:03:43,060 | ✅ [37/50] MSFT   | ADX:   31.7 | Stoch:   73.6
2026-08-24 13:03:43,060 | ✅ [37/50] MSFT   | ADX:   31.7 | Stoch:   73.6
2026-08-24 13:03:43,061 | ✅ [38/50] AMZN   | ADX:   21.4 | Stoch:   79.7
2026-08-24 13:03:43,061 | ✅ [38/50] AMZN   | ADX:   21.4 | Stoch:   79.7
2026-08-24 13:03:43,761 | ✅ [39/50] PG     | ADX:    4.5 | Stoch:   58.2
2026-08-24 13:03:43,761 | ✅ [39/50] PG     | ADX:    4.5 | Stoch:   58.2
2026-08-24 13:03:44,487 | ✅ [40/50] LLY    | ADX:   14.4 | Stoch:   34.6
2026-08-24 13:03:44,487 | ✅ [40/50] LLY    | ADX:   14.4 | Stoch:   34.6
2026-08-24 13:03:45,155 | ✅ [41/50] BKNG   | ADX:   28.0 | Stoch:   64.9
2026-08-24 13:03:45,155 | ✅ [41/50] BKNG   | ADX:   28.0 | Stoch:   64.9
2026-08-24 13:03:45,858 | ✅ [42/50] JD     | ADX:   25.4 | Stoch:   13.2
2026-08-24 13:03:45,858 | ✅ [42/50] JD     | ADX:   25.4 | Stoch:   13.2
2026-08-24 13:03:46,552 | ✅ [43/50] F      | ADX:    7.2 | Stoch:   26.0
2026-08-24 13:03:46,552 | ✅ [43/50] F      | ADX:    7.2 | Stoch:   26.0
2026-08-24 13:03:47,305 | ✅ [44/50] JNJ    | ADX:   13.8 | Stoch:   71.7
2026-08-24 13:03:47,305 | ✅ [44/50] JNJ    | ADX:   13.8 | Stoch:   71.7
2026-08-24 13:03:47,974 | ✅ [45/50] ZM     | ADX:   32.8 | Stoch:   10.4
2026-08-24 13:03:47,974 | ✅ [45/50] ZM     | ADX:   32.8 | Stoch:   10.4
2026-08-24 13:03:47,974 | 🎯 ENTRY SIGNAL: ZM BUY 1 @ $103.59
2026-08-24 13:03:47,974 | 🎯 ENTRY SIGNAL: ZM BUY 1 @ $103.59
2026-08-24 13:03:48,764 | ✅ Entry order executed: {'jsonrpc': '2.0', 'id': 4, 'result': {'content': [{'type': 'text', 'text': '{"data":{"order":{"id":"6a8c8784-cff2-4779-ba23-fe273b51f859","instrument_id":"35875944-ffb7-47eb-a2e5-582ba9f26a8d","symbol":"","side":"buy","type":"market","state":"unconfirmed","quantity":"1.000000","cumulative_quantity":"0.000000","price":"103.660000","stop_price":null,"average_price":null,"fees":"0.000000","dollar_based_amount":null,"time_in_force":"gfd","market_hours":"regular_hours","trigger":"immediate","placed_agent":"agentic","created_at":"2026-08-24T18:03:48.469377Z","last_transaction_at":"2026-08-24T18:03:48.469377Z","executions":[]}},"guide":"The order has been submitted â\x80\x94 not necessarily filled. Describe with state. Tell the user the order was placed and summarize symbol, side, type, quantity (or dollar_based_amount), and limit/stop prices; remind them it may not have filled yet and that they can check status or cancel via id. On error, the order was NOT placed â\x80\x94 report the error verbatim."}'}], 'structuredContent': {'data': {'order': {'id': '6a8c8784-cff2-4779-ba23-fe273b51f859', 'instrument_id': '35875944-ffb7-47eb-a2e5-582ba9f26a8d', 'symbol': '', 'side': 'buy', 'type': 'market', 'state': 'unconfirmed', 'quantity': '1.000000', 'cumulative_quantity': '0.000000', 'price': '103.660000', 'stop_price': None, 'average_price': None, 'fees': '0.000000', 'dollar_based_amount': None, 'time_in_force': 'gfd', 'market_hours': 'regular_hours', 'trigger': 'immediate', 'placed_agent': 'agentic', 'created_at': '2026-08-24T18:03:48.469377Z', 'last_transaction_at': '2026-08-24T18:03:48.469377Z', 'executions': []}}, 'guide': 'The order has been submitted â\x80\x94 not necessarily filled. Describe with state. Tell the user the order was placed and summarize symbol, side, type, quantity (or dollar_based_amount), and limit/stop prices; remind them it may not have filled yet and that they can check status or cancel via id. On error, the order was NOT placed â\x80\x94 report the error verbatim.'}}}
2026-08-24 13:03:48,764 | ✅ Entry order executed: {'jsonrpc': '2.0', 'id': 4, 'result': {'content': [{'type': 'text', 'text': '{"data":{"order":{"id":"6a8c8784-cff2-4779-ba23-fe273b51f859","instrument_id":"35875944-ffb7-47eb-a2e5-582ba9f26a8d","symbol":"","side":"buy","type":"market","state":"unconfirmed","quantity":"1.000000","cumulative_quantity":"0.000000","price":"103.660000","stop_price":null,"average_price":null,"fees":"0.000000","dollar_based_amount":null,"time_in_force":"gfd","market_hours":"regular_hours","trigger":"immediate","placed_agent":"agentic","created_at":"2026-08-24T18:03:48.469377Z","last_transaction_at":"2026-08-24T18:03:48.469377Z","executions":[]}},"guide":"The order has been submitted â\x80\x94 not necessarily filled. Describe with state. Tell the user the order was placed and summarize symbol, side, type, quantity (or dollar_based_amount), and limit/stop prices; remind them it may not have filled yet and that they can check status or cancel via id. On error, the order was NOT placed â\x80\x94 report the error verbatim."}'}], 'structuredContent': {'data': {'order': {'id': '6a8c8784-cff2-4779-ba23-fe273b51f859', 'instrument_id': '35875944-ffb7-47eb-a2e5-582ba9f26a8d', 'symbol': '', 'side': 'buy', 'type': 'market', 'state': 'unconfirmed', 'quantity': '1.000000', 'cumulative_quantity': '0.000000', 'price': '103.660000', 'stop_price': None, 'average_price': None, 'fees': '0.000000', 'dollar_based_amount': None, 'time_in_force': 'gfd', 'market_hours': 'regular_hours', 'trigger': 'immediate', 'placed_agent': 'agentic', 'created_at': '2026-08-24T18:03:48.469377Z', 'last_transaction_at': '2026-08-24T18:03:48.469377Z', 'executions': []}}, 'guide': 'The order has been submitted â\x80\x94 not necessarily filled. Describe with state. Tell the user the order was placed and summarize symbol, side, type, quantity (or dollar_based_amount), and limit/stop prices; remind them it may not have filled yet and that they can check status or cancel via id. On error, the order was NOT placed â\x80\x94 report the error verbatim.'}}}
2026-08-24 13:03:48,765 | 📝 Position tracked: ZM 1@ $103.59 @ 2026-08-24 13:03:13
2026-08-24 13:03:48,765 | 📝 Position tracked: ZM 1@ $103.59 @ 2026-08-24 13:03:13
2026-08-24 13:03:49,479 | ✅ [46/50] PDD    | ADX:   17.6 | Stoch:   20.5
2026-08-24 13:03:49,479 | ✅ [46/50] PDD    | ADX:   17.6 | Stoch:   20.5
2026-08-24 13:03:50,254 | ✅ [47/50] PYPL   | ADX:   21.5 | Stoch:   32.6
2026-08-24 13:03:50,254 | ✅ [47/50] PYPL   | ADX:   21.5 | Stoch:   32.6
2026-08-24 13:03:51,044 | ✅ [48/50] PINS   | ADX:    5.8 | Stoch:   72.6
2026-08-24 13:03:51,044 | ✅ [48/50] PINS   | ADX:    5.8 | Stoch:   72.6
2026-08-24 13:03:51,911 | ✅ [49/50] U      | ADX:   42.2 | Stoch:   34.2
2026-08-24 13:03:51,911 | ✅ [49/50] U      | ADX:   42.2 | Stoch:   34.2
2026-08-24 13:03:52,584 | ✅ [50/50] JPM    | ADX:    8.8 | Stoch:   62.9
2026-08-24 13:03:52,584 | ✅ [50/50] JPM    | ADX:    8.8 | Stoch:   62.9
2026-08-24 13:03:52,585 | ================================================================================
2026-08-24 13:03:52,585 | ================================================================================
2026-08-24 13:03:52,585 | 📊 Entry Analysis: 50 analyzed | 0 skipped | 2 signals
2026-08-24 13:03:52,585 | 📊 Entry Analysis: 50 analyzed | 0 skipped | 2 signals
2026-08-24 13:03:52,585 |    Analyzed: INTC, COIN, WMT, NVDA, TSLA, RIVN, MU, CMG, BABA, CRWD, AMD, PLTR, NIO, XPEV, CRM, NFLX, CPNG, KO, T, AAPL +30
2026-08-24 13:03:52,585 |    Analyzed: INTC, COIN, WMT, NVDA, TSLA, RIVN, MU, CMG, BABA, CRWD, AMD, PLTR, NIO, XPEV, CRM, NFLX, CPNG, KO, T, AAPL +30
2026-08-24 13:03:52,585 | ================================================================================

2026-08-24 13:03:52,585 | ================================================================================

2026-08-24 13:03:52,589 | [*] MCP subprocess terminated
2026-08-24 13:03:52,589 | [*] MCP subprocess terminated
2026-08-24 13:42:03,030 | [+] MCP subprocess started (unbuffered)
2026-08-24 13:42:03,200 | ✅ MCP initialized
2026-08-24 13:42:03,201 | ================================================================================
2026-08-24 13:42:03,201 | FETCHING SYMBOLS
2026-08-24 13:42:03,201 | ================================================================================
2026-08-24 13:42:03,201 | ================================================================================
2026-08-24 13:42:03,201 | FETCHING TOP TRENDING SYMBOLS FROM YFINANCE
2026-08-24 13:42:03,201 | ================================================================================
2026-08-24 13:42:03,201 | [*] Fetching top 100 trending symbols from yfinance...
2026-08-24 13:42:03,201 |     Analyzing 100 popular stocks...
2026-08-24 13:42:04,968 |     Progress: 10/100
2026-08-24 13:42:05,248 |     Progress: 20/100
2026-08-24 13:42:05,681 |     Progress: 30/100
2026-08-24 13:42:06,005 |     Progress: 40/100
2026-08-24 13:42:06,515 |     Progress: 50/100
2026-08-24 13:42:07,612 |     Progress: 60/100
2026-08-24 13:42:08,324 | HTTP Error 404: {"quoteSummary":{"result":null,"error":{"code":"Not Found","description":"Quote not found for symbol: GRUBHUB"}}}
2026-08-24 13:42:08,345 |     Progress: 70/100
2026-08-24 13:42:09,068 | $SQ: possibly delisted; no price data found  (period=5d) (Yahoo error = "No data found, symbol may be delisted")
2026-08-24 13:42:09,120 |     Progress: 80/100
2026-08-24 13:42:09,473 |     Progress: 90/100
2026-08-24 13:42:10,214 | $GRUBHUB: possibly delisted; no price data found  (period=5d) (Yahoo error = "No data found, symbol may be delisted")
2026-08-24 13:42:10,781 | $RSX: possibly delisted; no price data found  (period=5d) (Yahoo error = "No data found, symbol may be delisted")
2026-08-24 13:42:11,652 | $ARKS: possibly delisted; no price data found  (period=5d) (Yahoo error = "No data found, symbol may be delisted")
2026-08-24 13:42:11,653 |     Progress: 100/100
2026-08-24 13:42:11,677 | ✅ Found 96 trending symbols from yfinance
2026-08-24 13:42:11,678 | 
📊 TOP 20 TRENDING:
2026-08-24 13:42:11,678 |     1. INTC   | Score:    5839.13 | Momentum:   -9.78% | Vol:  457.7M | Volatility:   1.3% | Price: $   87.91
2026-08-24 13:42:11,678 |     2. COIN   | Score:    3165.79 | Momentum:  +20.36% | Vol:   65.8M | Volatility:   2.4% | Price: $  180.62
2026-08-24 13:42:11,679 |     3. WMT    | Score:    2880.06 | Momentum:   -8.22% | Vol:  204.0M | Volatility:   1.7% | Price: $  105.94
2026-08-24 13:42:11,679 |     4. NVDA   | Score:    2457.31 | Momentum:   -4.63% | Vol:  918.9M | Volatility:   0.6% | Price: $  209.79
2026-08-24 13:42:11,679 |     5. TSLA   | Score:    1689.82 | Momentum:   +4.76% | Vol:  305.3M | Volatility:   1.2% | Price: $  352.89
2026-08-24 13:42:11,679 |     6. RIVN   | Score:    1657.23 | Momentum:  +15.83% | Vol:  104.6M | Volatility:   1.0% | Price: $   16.87
2026-08-24 13:42:11,679 |     7. BABA   | Score:    1067.76 | Momentum:   -7.13% | Vol:   97.9M | Volatility:   1.5% | Price: $  118.37
2026-08-24 13:42:11,679 |     8. CMG    | Score:    1001.50 | Momentum:  +11.99% | Vol:   71.7M | Volatility:   1.2% | Price: $   37.74
2026-08-24 13:42:11,679 |     9. MU     | Score:     932.23 | Momentum:   -4.11% | Vol:  145.3M | Volatility:   1.6% | Price: $  918.23
2026-08-24 13:42:11,679 |    10. FSLY   | Score:     749.68 | Momentum:  -15.11% | Vol:   22.5M | Volatility:   2.2% | Price: $   23.28
2026-08-24 13:42:11,679 |    11. ARKG   | Score:     612.75 | Momentum:  +10.93% | Vol:   35.1M | Volatility:   1.6% | Price: $   48.06
2026-08-24 13:42:11,679 |    12. LCID   | Score:     544.41 | Momentum:  -13.20% | Vol:   41.5M | Volatility:   1.0% | Price: $    5.20
2026-08-24 13:42:11,680 |    13. CRWD   | Score:     478.22 | Momentum:   -9.58% | Vol:   35.1M | Volatility:   1.4% | Price: $  190.96
2026-08-24 13:42:11,680 |    14. SNAP   | Score:     446.68 | Momentum:   +3.03% | Vol:  153.4M | Volatility:   1.0% | Price: $    5.43
2026-08-24 13:42:11,680 |    15. PLTR   | Score:     393.83 | Momentum:   +2.88% | Vol:  130.9M | Volatility:   1.0% | Price: $  178.20
2026-08-24 13:42:11,680 |    16. AMD    | Score:     379.66 | Momentum:   -4.68% | Vol:   83.3M | Volatility:   1.0% | Price: $  459.07
2026-08-24 13:42:11,680 |    17. GLD    | Score:     372.83 | Momentum:   +5.44% | Vol:   92.9M | Volatility:   0.7% | Price: $  424.98
2026-08-24 13:42:11,680 |    18. XPEV   | Score:     341.26 | Momentum:   -5.71% | Vol:   42.9M | Volatility:   1.4% | Price: $   11.15
2026-08-24 13:42:11,680 |    19. NIO    | Score:     286.90 | Momentum:   -3.10% | Vol:  113.0M | Volatility:   0.8% | Price: $    4.38
2026-08-24 13:42:11,680 |    20. EWZ    | Score:     269.44 | Momentum:   +3.38% | Vol:   96.8M | Volatility:   0.8% | Price: $   35.22
2026-08-24 13:42:11,680 |    ... and 76 more
2026-08-24 13:42:11,681 | ================================================================================
2026-08-24 13:42:11,681 | FILTERING BY MARKET CAP (min: $10.0B, vol: 1.0M)
2026-08-24 13:42:11,681 | ================================================================================
2026-08-24 13:42:13,135 | ✅ [  1/96] INTC   | Cap: $461.98B | Vol:  119.1M | Price: $    0.00
2026-08-24 13:42:14,042 | ✅ [  2/96] COIN   | Cap: $ 47.65B | Vol:    8.5M | Price: $    0.00
2026-08-24 13:42:14,984 | ✅ [  3/96] WMT    | Cap: $843.04B | Vol:   24.7M | Price: $    0.00
2026-08-24 13:42:15,920 | ✅ [  4/96] NVDA   | Cap: $5080.96B | Vol:  140.6M | Price: $    0.00
2026-08-24 13:42:16,978 | ✅ [  5/96] TSLA   | Cap: $1393.56B | Vol:   42.1M | Price: $    0.00
2026-08-24 13:42:18,049 | ✅ [  6/96] RIVN   | Cap: $ 24.43B | Vol:   32.6M | Price: $    0.00
2026-08-24 13:42:19,029 | ✅ [  7/96] BABA   | Cap: $283.69B | Vol:   12.3M | Price: $    0.00
2026-08-24 13:42:20,148 | ✅ [  8/96] CMG    | Cap: $ 47.86B | Vol:   20.1M | Price: $    0.00
2026-08-24 13:42:21,163 | ✅ [  9/96] MU     | Cap: $1036.74B | Vol:   48.2M | Price: $    0.00
2026-08-24 13:42:26,708 | ✅ [ 13/96] CRWD   | Cap: $194.53B | Vol:   10.7M | Price: $    0.00
2026-08-24 13:42:28,688 | ✅ [ 15/96] PLTR   | Cap: $428.31B | Vol:   43.2M | Price: $    0.00
2026-08-24 13:42:29,761 | ✅ [ 16/96] AMD    | Cap: $749.40B | Vol:   28.8M | Price: $    0.00
2026-08-24 13:42:32,396 | ✅ [ 18/96] XPEV   | Cap: $ 10.67B | Vol:    7.2M | Price: $    0.00
2026-08-24 13:42:33,286 | ✅ [ 19/96] NIO    | Cap: $ 10.97B | Vol:   29.7M | Price: $    0.00
2026-08-24 13:42:36,084 | ✅ [ 21/96] CRM    | Cap: $171.50B | Vol:   14.9M | Price: $    0.00
2026-08-24 13:42:39,142 | ✅ [ 23/96] NFLX   | Cap: $334.74B | Vol:   42.6M | Price: $    0.00
2026-08-24 13:42:40,071 | ✅ [ 24/96] CPNG   | Cap: $ 29.47B | Vol:   21.6M | Price: $    0.00
2026-08-24 13:42:42,873 | ✅ [ 26/96] KO     | Cap: $394.39B | Vol:   17.6M | Price: $    0.00
2026-08-24 13:42:43,804 | ✅ [ 27/96] T      | Cap: $176.14B | Vol:   62.9M | Price: $    0.00
2026-08-24 13:42:46,717 | ✅ [ 29/96] OKTA   | Cap: $ 22.73B | Vol:    3.6M | Price: $    0.00
2026-08-24 13:42:47,666 | ✅ [ 30/96] DDOG   | Cap: $ 82.27B | Vol:    5.2M | Price: $    0.00
2026-08-24 13:42:48,614 | ✅ [ 31/96] UBER   | Cap: $160.26B | Vol:   20.7M | Price: $    0.00
2026-08-24 13:42:49,548 | ✅ [ 32/96] BA     | Cap: $166.06B | Vol:    5.9M | Price: $    0.00
2026-08-24 13:42:50,448 | ✅ [ 33/96] NET    | Cap: $100.99B | Vol:    3.7M | Price: $    0.00
2026-08-24 13:42:53,148 | ✅ [ 35/96] VZ     | Cap: $208.34B | Vol:   27.0M | Price: $    0.00
2026-08-24 13:42:54,132 | ✅ [ 36/96] META   | Cap: $1427.89B | Vol:   18.5M | Price: $    0.00
2026-08-24 13:42:55,035 | ✅ [ 37/96] GOOGL  | Cap: $4260.42B | Vol:   32.0M | Price: $    0.00
2026-08-24 13:42:58,262 | ✅ [ 39/96] V      | Cap: $710.86B | Vol:    8.1M | Price: $    0.00
2026-08-24 13:42:59,260 | ✅ [ 40/96] AAPL   | Cap: $4536.53B | Vol:   56.4M | Price: $    0.00
2026-08-24 13:43:00,546 | ✅ [ 41/96] INTU   | Cap: $101.28B | Vol:    5.1M | Price: $    0.00
2026-08-24 13:43:01,647 | ✅ [ 42/96] ADBE   | Cap: $109.74B | Vol:    6.4M | Price: $    0.00
2026-08-24 13:43:02,598 | ✅ [ 43/96] F      | Cap: $ 55.55B | Vol:   56.6M | Price: $    0.00
2026-08-24 13:43:03,478 | ✅ [ 44/96] GM     | Cap: $ 78.80B | Vol:    7.5M | Price: $    0.00
2026-08-24 13:43:04,419 | ✅ [ 45/96] ABT    | Cap: $201.81B | Vol:   11.9M | Price: $    0.00
2026-08-24 13:43:05,328 | ✅ [ 46/96] ABNB   | Cap: $112.12B | Vol:    4.2M | Price: $    0.00
2026-08-24 13:43:06,191 | ✅ [ 47/96] AMZN   | Cap: $2829.79B | Vol:   49.7M | Price: $    0.00
2026-08-24 13:43:07,100 | ✅ [ 48/96] DASH   | Cap: $ 99.38B | Vol:    4.6M | Price: $    0.00
2026-08-24 13:43:10,182 | ✅ [ 50/96] MSFT   | Cap: $3620.32B | Vol:   39.6M | Price: $    0.00
2026-08-24 13:43:13,200 | ✅ [ 52/96] PG     | Cap: $339.40B | Vol:    9.2M | Price: $    0.00
2026-08-24 13:43:14,106 | ✅ [ 53/96] LLY    | Cap: $1111.22B | Vol:    3.0M | Price: $    0.00
2026-08-24 13:43:24,951 | ✅ [ 60/96] BKNG   | Cap: $160.22B | Vol:    7.0M | Price: $    0.00
2026-08-24 13:43:27,631 | ✅ [ 62/96] RBLX   | Cap: $ 27.39B | Vol:   11.9M | Price: $    0.00
2026-08-24 13:43:32,422 | ✅ [ 65/96] JD     | Cap: $ 39.25B | Vol:    8.6M | Price: $    0.00
2026-08-24 13:43:35,505 | ✅ [ 67/96] JNJ    | Cap: $656.71B | Vol:    8.0M | Price: $    0.00
2026-08-24 13:43:38,283 | ✅ [ 69/96] PDD    | Cap: $124.58B | Vol:    8.6M | Price: $    0.00
2026-08-24 13:43:39,132 | ✅ [ 70/96] PINS   | Cap: $ 13.25B | Vol:   15.1M | Price: $    0.00
2026-08-24 13:43:40,160 | ✅ [ 71/96] ZM     | Cap: $ 30.53B | Vol:    3.7M | Price: $    0.00
2026-08-24 13:43:41,091 | ✅ [ 72/96] U      | Cap: $ 20.42B | Vol:    9.6M | Price: $    0.00
2026-08-24 13:43:45,980 | ✅ [ 75/96] PYPL   | Cap: $ 52.75B | Vol:   15.9M | Price: $    0.00
2026-08-24 13:43:47,030 | ✅ [ 76/96] JPM    | Cap: $947.48B | Vol:    8.8M | Price: $    0.00
2026-08-24 13:43:47,951 | ✅ [ 77/96] MCD    | Cap: $192.61B | Vol:    4.6M | Price: $    0.00
2026-08-24 13:43:48,830 | ✅ [ 78/96] QCOM   | Cap: $166.78B | Vol:   16.8M | Price: $    0.00
2026-08-24 13:43:49,791 | ✅ [ 79/96] XOM    | Cap: $672.57B | Vol:   15.8M | Price: $    0.00
2026-08-24 13:43:52,943 | ✅ [ 81/96] SNOW   | Cap: $113.37B | Vol:    7.1M | Price: $    0.00
2026-08-24 13:43:54,095 | ✅ [ 82/96] CSCO   | Cap: $436.95B | Vol:   23.9M | Price: $    0.00
2026-08-24 13:43:56,961 | ✅ [ 84/96] CVX    | Cap: $398.91B | Vol:    8.7M | Price: $    0.00
2026-08-24 13:43:57,896 | ✅ [ 85/96] IBM    | Cap: $219.29B | Vol:   10.8M | Price: $    0.00
2026-08-24 13:43:58,826 | ✅ [ 86/96] SBUX   | Cap: $122.12B | Vol:    7.5M | Price: $    0.00
2026-08-24 13:44:06,064 | ✅ [ 90/96] AXP    | Cap: $228.18B | Vol:    3.0M | Price: $    0.00
2026-08-24 13:44:07,187 | ✅ [ 91/96] BRK-B  | Cap: $1075.25B | Vol:    4.8M | Price: $    0.00
2026-08-24 13:44:12,527 | ✅ [ 94/96] SHOP   | Cap: $192.37B | Vol:    9.4M | Price: $    0.00
2026-08-24 13:44:16,886 | ================================================================================
2026-08-24 13:44:16,886 | ✅ FILTERED: 96 → 61 symbols
2026-08-24 13:44:16,886 |    Passed: 61 | Skipped: 35
2026-08-24 13:44:16,886 | ================================================================================
2026-08-24 13:44:16,886 | ✅ Ready to scan 50 liquid, established equities

2026-08-24 13:44:16,886 | ================================================================================

2026-08-24 13:44:16,886 | ================================================================================
2026-08-24 13:44:16,886 | CYCLE | 2026-08-24 13:44:16 | PRODUCTION BOT (ENTRY + EXIT)
2026-08-24 13:44:16,886 | Scanning 50 symbols for entry + managing 2 open positions
2026-08-24 13:44:16,887 | ================================================================================
2026-08-24 13:44:16,887 | 
📋 PHASE 1: Exit Management
2026-08-24 13:44:16,887 | --------------------------------------------------------------------------------
2026-08-24 13:44:18,716 | 📊 Exits Executed: 0
2026-08-24 13:44:18,717 | 
📋 PHASE 2: Entry Screening
2026-08-24 13:44:18,717 | --------------------------------------------------------------------------------
2026-08-24 13:44:19,760 | ✅ [ 1/50] INTC   | ADX:    7.7 | Stoch:   50.3
2026-08-24 13:44:20,534 | ✅ [ 2/50] COIN   | ADX:   15.2 | Stoch:    1.0
2026-08-24 13:44:21,180 | ✅ [ 3/50] WMT    | ADX:   12.7 | Stoch:   98.6
2026-08-24 13:44:21,862 | ✅ [ 4/50] NVDA   | ADX:   15.1 | Stoch:   16.0
2026-08-24 13:44:22,482 | ✅ [ 5/50] TSLA   | ADX:   23.5 | Stoch:    6.5
2026-08-24 13:44:23,472 | ✅ [ 6/50] RIVN   | ADX:   11.8 | Stoch:   52.4
2026-08-24 13:44:24,394 | ✅ [ 7/50] BABA   | ADX:   22.4 | Stoch:   47.7
2026-08-24 13:44:25,194 | ✅ [ 8/50] CMG    | ADX:    7.2 | Stoch:   82.4
2026-08-24 13:44:25,855 | ✅ [ 9/50] MU     | ADX:    8.3 | Stoch:   35.3
2026-08-24 13:44:26,696 | ✅ [11/50] PLTR   | ADX:   36.4 | Stoch:   73.0
2026-08-24 13:44:27,358 | ✅ [12/50] AMD    | ADX:    7.7 | Stoch:   32.9
2026-08-24 13:44:28,081 | ✅ [13/50] XPEV   | ADX:   15.8 | Stoch:    4.7
2026-08-24 13:44:28,935 | ✅ [14/50] NIO    | ADX:    7.4 | Stoch:    8.6
2026-08-24 13:44:29,568 | ✅ [15/50] CRM    | ADX:   20.0 | Stoch:   40.5
2026-08-24 13:44:30,215 | ✅ [16/50] NFLX   | ADX:   22.5 | Stoch:   84.7
2026-08-24 13:44:30,865 | ✅ [17/50] CPNG   | ADX:    6.9 | Stoch:   48.9
2026-08-24 13:44:31,597 | ✅ [18/50] KO     | ADX:   20.2 | Stoch:   54.2
2026-08-24 13:44:32,347 | ✅ [19/50] T      | ADX:   14.8 | Stoch:   87.5
2026-08-24 13:44:33,323 | ✅ [20/50] OKTA   | ADX:   10.1 | Stoch:   19.9
2026-08-24 13:44:34,712 | ✅ [21/50] DDOG   | ADX:   10.1 | Stoch:   31.4
2026-08-24 13:44:35,457 | ✅ [22/50] UBER   | ADX:   13.4 | Stoch:   41.4
2026-08-24 13:44:36,216 | ✅ [23/50] BA     | ADX:   18.2 | Stoch:   26.8
2026-08-24 13:44:36,883 | ✅ [24/50] NET    | ADX:   16.6 | Stoch:   21.1
2026-08-24 13:44:37,744 | ✅ [25/50] VZ     | ADX:    7.8 | Stoch:   87.0
2026-08-24 13:44:38,408 | ✅ [26/50] META   | ADX:    8.8 | Stoch:   97.4
2026-08-24 13:44:39,012 | ✅ [27/50] GOOGL  | ADX:   12.8 | Stoch:   62.7
2026-08-24 13:44:39,629 | ✅ [28/50] V      | ADX:    4.2 | Stoch:   89.6
2026-08-24 13:44:40,301 | ✅ [29/50] AAPL   | ADX:   18.1 | Stoch:   53.5
2026-08-24 13:44:40,983 | ✅ [30/50] INTU   | ADX:   23.2 | Stoch:   74.5
2026-08-24 13:44:41,770 | ✅ [31/50] ADBE   | ADX:   16.3 | Stoch:   56.4
2026-08-24 13:44:42,517 | ✅ [32/50] F      | ADX:    7.2 | Stoch:   19.3
2026-08-24 13:44:43,214 | ✅ [33/50] GM     | ADX:   16.2 | Stoch:   53.5
2026-08-24 13:44:43,936 | ✅ [34/50] ABT    | ADX:   19.0 | Stoch:   53.3
2026-08-24 13:44:44,585 | ✅ [35/50] ABNB   | ADX:   40.6 | Stoch:   57.0
2026-08-24 13:44:45,239 | ✅ [36/50] AMZN   | ADX:   21.4 | Stoch:   82.4
2026-08-24 13:44:45,914 | ✅ [37/50] DASH   | ADX:   24.7 | Stoch:   84.1
2026-08-24 13:44:46,605 | ✅ [38/50] MSFT   | ADX:   31.7 | Stoch:   69.5
2026-08-24 13:44:47,516 | ✅ [39/50] PG     | ADX:    4.5 | Stoch:   65.4
2026-08-24 13:44:48,267 | ✅ [40/50] LLY    | ADX:   14.4 | Stoch:   48.8
2026-08-24 13:44:48,911 | ✅ [41/50] BKNG   | ADX:   28.0 | Stoch:   67.8
2026-08-24 13:44:49,526 | ✅ [42/50] RBLX   | ADX:   28.2 | Stoch:    3.0
2026-08-24 13:44:50,183 | ✅ [43/50] JD     | ADX:   25.5 | Stoch:   15.8
2026-08-24 13:44:50,183 | 🎯 ENTRY SIGNAL: JD BUY 1 @ $29.07
2026-08-24 13:44:51,070 | ✅ Entry order executed: {'jsonrpc': '2.0', 'id': 2, 'result': {'content': [{'type': 'text', 'text': '{"data":{"order":{"id":"6a8c9122-4a98-4ec9-b106-699f80635619","instrument_id":"b1e0ba21-bf54-454a-a409-89fe275bbe05","symbol":"","side":"buy","type":"market","state":"unconfirmed","quantity":"1.000000","cumulative_quantity":"0.000000","price":"29.070000","stop_price":null,"average_price":null,"fees":"0.000000","dollar_based_amount":null,"time_in_force":"gfd","market_hours":"regular_hours","trigger":"immediate","placed_agent":"agentic","created_at":"2026-08-24T18:44:50.879327Z","last_transaction_at":"2026-08-24T18:44:50.879327Z","executions":[]}},"guide":"The order has been submitted â\x80\x94 not necessarily filled. Describe with state. Tell the user the order was placed and summarize symbol, side, type, quantity (or dollar_based_amount), and limit/stop prices; remind them it may not have filled yet and that they can check status or cancel via id. On error, the order was NOT placed â\x80\x94 report the error verbatim."}'}], 'structuredContent': {'data': {'order': {'id': '6a8c9122-4a98-4ec9-b106-699f80635619', 'instrument_id': 'b1e0ba21-bf54-454a-a409-89fe275bbe05', 'symbol': '', 'side': 'buy', 'type': 'market', 'state': 'unconfirmed', 'quantity': '1.000000', 'cumulative_quantity': '0.000000', 'price': '29.070000', 'stop_price': None, 'average_price': None, 'fees': '0.000000', 'dollar_based_amount': None, 'time_in_force': 'gfd', 'market_hours': 'regular_hours', 'trigger': 'immediate', 'placed_agent': 'agentic', 'created_at': '2026-08-24T18:44:50.879327Z', 'last_transaction_at': '2026-08-24T18:44:50.879327Z', 'executions': []}}, 'guide': 'The order has been submitted â\x80\x94 not necessarily filled. Describe with state. Tell the user the order was placed and summarize symbol, side, type, quantity (or dollar_based_amount), and limit/stop prices; remind them it may not have filled yet and that they can check status or cancel via id. On error, the order was NOT placed â\x80\x94 report the error verbatim.'}}}
2026-08-24 13:44:51,072 | 📝 Position tracked: JD 1@ $29.07 @ 2026-08-24 13:44:16
2026-08-24 13:44:51,811 | ✅ [44/50] JNJ    | ADX:   13.8 | Stoch:   74.1
2026-08-24 13:44:52,486 | ✅ [45/50] PDD    | ADX:   17.6 | Stoch:   24.3
2026-08-24 13:44:53,187 | ✅ [46/50] PINS   | ADX:    5.8 | Stoch:   67.7
2026-08-24 13:44:53,891 | ✅ [48/50] U      | ADX:   42.2 | Stoch:   46.0
2026-08-24 13:44:54,512 | ✅ [49/50] PYPL   | ADX:   21.5 | Stoch:   29.9
2026-08-24 13:44:55,197 | ✅ [50/50] JPM    | ADX:    8.8 | Stoch:   71.8
2026-08-24 13:44:55,197 | ================================================================================
2026-08-24 13:44:55,197 | 📊 Entry Analysis: 48 analyzed | 0 skipped | 1 signals
2026-08-24 13:44:55,197 |    Analyzed: INTC, COIN, WMT, NVDA, TSLA, RIVN, BABA, CMG, MU, PLTR, AMD, XPEV, NIO, CRM, NFLX, CPNG, KO, T, OKTA, DDOG +28
2026-08-24 13:44:55,198 | ================================================================================

2026-08-24 13:44:55,202 | [*] MCP subprocess terminated
2026-08-24 14:23:30,799 | [+] MCP subprocess started (unbuffered)
2026-08-24 14:23:30,799 | [+] MCP subprocess started (unbuffered)
2026-08-24 14:23:30,970 | ✅ MCP initialized
2026-08-24 14:23:30,970 | ✅ MCP initialized
2026-08-24 14:23:30,971 | ================================================================================
2026-08-24 14:23:30,971 | ================================================================================
2026-08-24 14:23:30,971 | FETCHING SYMBOLS
2026-08-24 14:23:30,971 | FETCHING SYMBOLS
2026-08-24 14:23:30,971 | ================================================================================
2026-08-24 14:23:30,971 | ================================================================================
2026-08-24 14:23:30,971 | ================================================================================
2026-08-24 14:23:30,971 | ================================================================================
2026-08-24 14:23:30,971 | FETCHING TOP TRENDING SYMBOLS FROM YFINANCE
2026-08-24 14:23:30,971 | FETCHING TOP TRENDING SYMBOLS FROM YFINANCE
2026-08-24 14:23:30,971 | ================================================================================
2026-08-24 14:23:30,971 | ================================================================================
2026-08-24 14:23:30,971 | [*] Fetching top 100 trending symbols from yfinance...
2026-08-24 14:23:30,971 | [*] Fetching top 100 trending symbols from yfinance...
2026-08-24 14:23:30,971 |     Analyzing 100 popular stocks...
2026-08-24 14:23:30,971 |     Analyzing 100 popular stocks...
2026-08-24 14:23:32,404 |     Progress: 10/100
2026-08-24 14:23:32,404 |     Progress: 10/100
2026-08-24 14:23:32,743 |     Progress: 20/100
2026-08-24 14:23:32,743 |     Progress: 20/100
2026-08-24 14:23:33,119 |     Progress: 30/100
2026-08-24 14:23:33,119 |     Progress: 30/100
2026-08-24 14:23:33,483 |     Progress: 40/100
2026-08-24 14:23:33,483 |     Progress: 40/100
2026-08-24 14:23:34,060 |     Progress: 50/100
2026-08-24 14:23:34,060 |     Progress: 50/100
2026-08-24 14:23:35,207 |     Progress: 60/100
2026-08-24 14:23:35,207 |     Progress: 60/100
2026-08-24 14:23:35,578 | HTTP Error 404: {"quoteSummary":{"result":null,"error":{"code":"Not Found","description":"Quote not found for symbol: GRUBHUB"}}}
2026-08-24 14:23:35,578 | HTTP Error 404: {"quoteSummary":{"result":null,"error":{"code":"Not Found","description":"Quote not found for symbol: GRUBHUB"}}}
2026-08-24 14:23:35,670 |     Progress: 70/100
2026-08-24 14:23:35,670 |     Progress: 70/100
2026-08-24 14:23:36,004 |     Progress: 80/100
2026-08-24 14:23:36,004 |     Progress: 80/100
2026-08-24 14:23:36,466 | $SQ: possibly delisted; no price data found  (period=5d) (Yahoo error = "No data found, symbol may be delisted")
2026-08-24 14:23:36,466 | $SQ: possibly delisted; no price data found  (period=5d) (Yahoo error = "No data found, symbol may be delisted")
2026-08-24 14:23:36,563 |     Progress: 90/100
2026-08-24 14:23:36,563 |     Progress: 90/100
2026-08-24 14:23:37,144 | $GRUBHUB: possibly delisted; no price data found  (period=5d) (Yahoo error = "No data found, symbol may be delisted")
2026-08-24 14:23:37,144 | $GRUBHUB: possibly delisted; no price data found  (period=5d) (Yahoo error = "No data found, symbol may be delisted")
2026-08-24 14:23:38,033 | $RSX: possibly delisted; no price data found  (period=5d) (Yahoo error = "No data found, symbol may be delisted")
2026-08-24 14:23:38,033 | $RSX: possibly delisted; no price data found  (period=5d) (Yahoo error = "No data found, symbol may be delisted")
2026-08-24 14:23:38,968 | $ARKS: possibly delisted; no price data found  (period=5d) (Yahoo error = "No data found, symbol may be delisted")
2026-08-24 14:23:38,968 | $ARKS: possibly delisted; no price data found  (period=5d) (Yahoo error = "No data found, symbol may be delisted")
2026-08-24 14:23:38,970 |     Progress: 100/100
2026-08-24 14:23:38,970 |     Progress: 100/100
2026-08-24 14:23:38,994 | ✅ Found 96 trending symbols from yfinance
2026-08-24 14:23:38,994 | ✅ Found 96 trending symbols from yfinance
2026-08-24 14:23:38,994 | 
📊 TOP 20 TRENDING:
2026-08-24 14:23:38,994 | 
📊 TOP 20 TRENDING:
2026-08-24 14:23:38,994 |     1. INTC   | Score:    5964.27 | Momentum:   -9.92% | Vol:  461.6M | Volatility:   1.3% | Price: $   87.78
2026-08-24 14:23:38,994 |     1. INTC   | Score:    5964.27 | Momentum:   -9.92% | Vol:  461.6M | Volatility:   1.3% | Price: $   87.78
2026-08-24 14:23:38,994 |     2. COIN   | Score:    3188.38 | Momentum:  +20.30% | Vol:   66.4M | Volatility:   2.4% | Price: $  180.53
2026-08-24 14:23:38,994 |     2. COIN   | Score:    3188.38 | Momentum:  +20.30% | Vol:   66.4M | Volatility:   2.4% | Price: $  180.53
2026-08-24 14:23:38,994 |     3. WMT    | Score:    2854.13 | Momentum:   -8.05% | Vol:  206.2M | Volatility:   1.7% | Price: $  106.14
2026-08-24 14:23:38,994 |     3. WMT    | Score:    2854.13 | Momentum:   -8.05% | Vol:  206.2M | Volatility:   1.7% | Price: $  106.14
2026-08-24 14:23:38,994 |     4. NVDA   | Score:    2777.81 | Momentum:   -4.76% | Vol: 1007.8M | Volatility:   0.6% | Price: $  209.51
2026-08-24 14:23:38,994 |     4. NVDA   | Score:    2777.81 | Momentum:   -4.76% | Vol: 1007.8M | Volatility:   0.6% | Price: $  209.51
2026-08-24 14:23:38,994 |     5. RIVN   | Score:    1613.08 | Momentum:  +14.97% | Vol:  106.2M | Volatility:   1.0% | Price: $   16.75
2026-08-24 14:23:38,994 |     5. RIVN   | Score:    1613.08 | Momentum:  +14.97% | Vol:  106.2M | Volatility:   1.0% | Price: $   16.75
2026-08-24 14:23:38,994 |     6. TSLA   | Score:    1472.09 | Momentum:   +4.05% | Vol:  309.8M | Volatility:   1.2% | Price: $  350.51
2026-08-24 14:23:38,994 |     6. TSLA   | Score:    1472.09 | Momentum:   +4.05% | Vol:  309.8M | Volatility:   1.2% | Price: $  350.51
2026-08-24 14:23:38,994 |     7. CMG    | Score:    1063.41 | Momentum:  +12.63% | Vol:   72.6M | Volatility:   1.2% | Price: $   37.96
2026-08-24 14:23:38,994 |     7. CMG    | Score:    1063.41 | Momentum:  +12.63% | Vol:   72.6M | Volatility:   1.2% | Price: $   37.96
2026-08-24 14:23:38,995 |     8. MU     | Score:    1038.08 | Momentum:   -4.54% | Vol:  146.5M | Volatility:   1.6% | Price: $  914.19
2026-08-24 14:23:38,995 |     8. MU     | Score:    1038.08 | Momentum:   -4.54% | Vol:  146.5M | Volatility:   1.6% | Price: $  914.19
2026-08-24 14:23:38,995 |     9. BABA   | Score:    1024.56 | Momentum:   -6.75% | Vol:   99.1M | Volatility:   1.5% | Price: $  118.86
2026-08-24 14:23:38,995 |     9. BABA   | Score:    1024.56 | Momentum:   -6.75% | Vol:   99.1M | Volatility:   1.5% | Price: $  118.86
2026-08-24 14:23:38,995 |    10. FSLY   | Score:     768.46 | Momentum:  -15.33% | Vol:   22.7M | Volatility:   2.2% | Price: $   23.22
2026-08-24 14:23:38,995 |    10. FSLY   | Score:     768.46 | Momentum:  -15.33% | Vol:   22.7M | Volatility:   2.2% | Price: $   23.22
2026-08-24 14:23:38,995 |    11. ARKG   | Score:     626.79 | Momentum:  +11.13% | Vol:   35.3M | Volatility:   1.6% | Price: $   48.14
2026-08-24 14:23:38,995 |    11. ARKG   | Score:     626.79 | Momentum:  +11.13% | Vol:   35.3M | Volatility:   1.6% | Price: $   48.14
2026-08-24 14:23:38,995 |    12. SNAP   | Score:     552.71 | Momentum:   +3.70% | Vol:  155.9M | Volatility:   1.0% | Price: $    5.47
2026-08-24 14:23:38,995 |    12. SNAP   | Score:     552.71 | Momentum:   +3.70% | Vol:  155.9M | Volatility:   1.0% | Price: $    5.47
2026-08-24 14:23:38,995 |    13. LCID   | Score:     549.09 | Momentum:  -13.12% | Vol:   42.0M | Volatility:   1.0% | Price: $    5.20
2026-08-24 14:23:38,995 |    13. LCID   | Score:     549.09 | Momentum:  -13.12% | Vol:   42.0M | Volatility:   1.0% | Price: $    5.20
2026-08-24 14:23:38,995 |    14. CRWD   | Score:     486.47 | Momentum:   -9.66% | Vol:   35.5M | Volatility:   1.4% | Price: $  190.80
2026-08-24 14:23:38,995 |    14. CRWD   | Score:     486.47 | Momentum:   -9.66% | Vol:   35.5M | Volatility:   1.4% | Price: $  190.80
2026-08-24 14:23:38,995 |    15. AMD    | Score:     426.06 | Momentum:   -5.20% | Vol:   84.0M | Volatility:   1.0% | Price: $  456.54
2026-08-24 14:23:38,995 |    15. AMD    | Score:     426.06 | Momentum:   -5.20% | Vol:   84.0M | Volatility:   1.0% | Price: $  456.54
2026-08-24 14:23:38,995 |    16. GLD    | Score:     390.42 | Momentum:   +5.67% | Vol:   93.5M | Volatility:   0.7% | Price: $  425.92
2026-08-24 14:23:38,995 |    16. GLD    | Score:     390.42 | Momentum:   +5.67% | Vol:   93.5M | Volatility:   0.7% | Price: $  425.92
2026-08-24 14:23:38,995 |    17. XPEV   | Score:     341.89 | Momentum:   -5.50% | Vol:   44.5M | Volatility:   1.4% | Price: $   11.18
2026-08-24 14:23:38,995 |    17. XPEV   | Score:     341.89 | Momentum:   -5.50% | Vol:   44.5M | Volatility:   1.4% | Price: $   11.18
2026-08-24 14:23:38,995 |    18. NIO    | Score:     325.90 | Momentum:   -3.32% | Vol:  119.7M | Volatility:   0.8% | Price: $    4.36
2026-08-24 14:23:38,995 |    18. NIO    | Score:     325.90 | Momentum:   -3.32% | Vol:  119.7M | Volatility:   0.8% | Price: $    4.36
2026-08-24 14:23:38,995 |    19. PLTR   | Score:     282.68 | Momentum:   +1.99% | Vol:  133.0M | Volatility:   1.1% | Price: $  176.67
2026-08-24 14:23:38,995 |    19. PLTR   | Score:     282.68 | Momentum:   +1.99% | Vol:  133.0M | Volatility:   1.1% | Price: $  176.67
2026-08-24 14:23:38,996 |    20. EWZ    | Score:     272.23 | Momentum:   +3.38% | Vol:   97.8M | Volatility:   0.8% | Price: $   35.22
2026-08-24 14:23:38,996 |    20. EWZ    | Score:     272.23 | Momentum:   +3.38% | Vol:   97.8M | Volatility:   0.8% | Price: $   35.22
2026-08-24 14:23:38,996 |    ... and 76 more
2026-08-24 14:23:38,996 |    ... and 76 more
2026-08-24 14:23:38,996 | ================================================================================
2026-08-24 14:23:38,996 | ================================================================================
2026-08-24 14:23:38,996 | FILTERING BY MARKET CAP (min: $10.0B, vol: 1.0M)
2026-08-24 14:23:38,996 | FILTERING BY MARKET CAP (min: $10.0B, vol: 1.0M)
2026-08-24 14:23:38,996 | ================================================================================
2026-08-24 14:23:38,996 | ================================================================================
2026-08-24 14:23:40,372 | ✅ [  1/96] INTC   | Cap: $461.19B | Vol:  119.1M | Price: $    0.00
2026-08-24 14:23:40,372 | ✅ [  1/96] INTC   | Cap: $461.19B | Vol:  119.1M | Price: $    0.00
2026-08-24 14:23:41,511 | ✅ [  2/96] COIN   | Cap: $ 47.64B | Vol:    8.5M | Price: $    0.00
2026-08-24 14:23:41,511 | ✅ [  2/96] COIN   | Cap: $ 47.64B | Vol:    8.5M | Price: $    0.00
2026-08-24 14:23:42,679 | ✅ [  3/96] WMT    | Cap: $844.75B | Vol:   24.7M | Price: $    0.00
2026-08-24 14:23:42,679 | ✅ [  3/96] WMT    | Cap: $844.75B | Vol:   24.7M | Price: $    0.00
2026-08-24 14:23:43,875 | ✅ [  4/96] NVDA   | Cap: $5074.54B | Vol:  140.6M | Price: $    0.00
2026-08-24 14:23:43,875 | ✅ [  4/96] NVDA   | Cap: $5074.54B | Vol:  140.6M | Price: $    0.00
2026-08-24 14:23:45,011 | ✅ [  5/96] RIVN   | Cap: $ 24.24B | Vol:   32.6M | Price: $    0.00
2026-08-24 14:23:45,011 | ✅ [  5/96] RIVN   | Cap: $ 24.24B | Vol:   32.6M | Price: $    0.00
2026-08-24 14:23:45,912 | ✅ [  6/96] TSLA   | Cap: $1384.65B | Vol:   42.1M | Price: $    0.00
2026-08-24 14:23:45,912 | ✅ [  6/96] TSLA   | Cap: $1384.65B | Vol:   42.1M | Price: $    0.00
2026-08-24 14:23:47,009 | ✅ [  7/96] CMG    | Cap: $ 48.13B | Vol:   20.1M | Price: $    0.00
2026-08-24 14:23:47,009 | ✅ [  7/96] CMG    | Cap: $ 48.13B | Vol:   20.1M | Price: $    0.00
2026-08-24 14:23:48,121 | ✅ [  8/96] MU     | Cap: $1032.27B | Vol:   48.2M | Price: $    0.00
2026-08-24 14:23:48,121 | ✅ [  8/96] MU     | Cap: $1032.27B | Vol:   48.2M | Price: $    0.00
2026-08-24 14:23:49,043 | ✅ [  9/96] BABA   | Cap: $284.87B | Vol:   12.3M | Price: $    0.00
2026-08-24 14:23:49,043 | ✅ [  9/96] BABA   | Cap: $284.87B | Vol:   12.3M | Price: $    0.00
2026-08-24 14:23:55,341 | ✅ [ 14/96] CRWD   | Cap: $194.34B | Vol:   10.7M | Price: $    0.00
2026-08-24 14:23:55,341 | ✅ [ 14/96] CRWD   | Cap: $194.34B | Vol:   10.7M | Price: $    0.00
2026-08-24 14:23:56,379 | ✅ [ 15/96] AMD    | Cap: $745.06B | Vol:   28.8M | Price: $    0.00
2026-08-24 14:23:56,379 | ✅ [ 15/96] AMD    | Cap: $745.06B | Vol:   28.8M | Price: $    0.00
2026-08-24 14:23:59,333 | ✅ [ 17/96] XPEV   | Cap: $ 10.69B | Vol:    7.2M | Price: $    0.00
2026-08-24 14:23:59,333 | ✅ [ 17/96] XPEV   | Cap: $ 10.69B | Vol:    7.2M | Price: $    0.00
2026-08-24 14:24:00,384 | ✅ [ 18/96] NIO    | Cap: $ 10.92B | Vol:   29.7M | Price: $    0.00
2026-08-24 14:24:00,384 | ✅ [ 18/96] NIO    | Cap: $ 10.92B | Vol:   29.7M | Price: $    0.00
2026-08-24 14:24:01,593 | ✅ [ 19/96] PLTR   | Cap: $424.26B | Vol:   43.2M | Price: $    0.00
2026-08-24 14:24:01,593 | ✅ [ 19/96] PLTR   | Cap: $424.26B | Vol:   43.2M | Price: $    0.00
2026-08-24 14:24:04,295 | ✅ [ 21/96] CRM    | Cap: $172.13B | Vol:   14.9M | Price: $    0.00
2026-08-24 14:24:04,295 | ✅ [ 21/96] CRM    | Cap: $172.13B | Vol:   14.9M | Price: $    0.00
2026-08-24 14:24:07,545 | ✅ [ 23/96] CPNG   | Cap: $ 29.54B | Vol:   21.6M | Price: $    0.00
2026-08-24 14:24:07,545 | ✅ [ 23/96] CPNG   | Cap: $ 29.54B | Vol:   21.6M | Price: $    0.00
2026-08-24 14:24:08,482 | ✅ [ 24/96] NFLX   | Cap: $333.99B | Vol:   42.6M | Price: $    0.00
2026-08-24 14:24:08,482 | ✅ [ 24/96] NFLX   | Cap: $333.99B | Vol:   42.6M | Price: $    0.00
2026-08-24 14:24:11,634 | ✅ [ 26/96] UBER   | Cap: $161.48B | Vol:   20.7M | Price: $    0.00
2026-08-24 14:24:11,634 | ✅ [ 26/96] UBER   | Cap: $161.48B | Vol:   20.7M | Price: $    0.00
2026-08-24 14:24:12,641 | ✅ [ 27/96] KO     | Cap: $393.66B | Vol:   17.6M | Price: $    0.00
2026-08-24 14:24:12,641 | ✅ [ 27/96] KO     | Cap: $393.66B | Vol:   17.6M | Price: $    0.00
2026-08-24 14:24:13,646 | ✅ [ 28/96] T      | Cap: $175.93B | Vol:   62.9M | Price: $    0.00
2026-08-24 14:24:13,646 | ✅ [ 28/96] T      | Cap: $175.93B | Vol:   62.9M | Price: $    0.00
2026-08-24 14:24:17,044 | ✅ [ 30/96] OKTA   | Cap: $ 22.79B | Vol:    3.6M | Price: $    0.00
2026-08-24 14:24:17,044 | ✅ [ 30/96] OKTA   | Cap: $ 22.79B | Vol:    3.6M | Price: $    0.00
2026-08-24 14:24:17,898 | ✅ [ 31/96] DDOG   | Cap: $ 81.77B | Vol:    5.2M | Price: $    0.00
2026-08-24 14:24:17,898 | ✅ [ 31/96] DDOG   | Cap: $ 81.77B | Vol:    5.2M | Price: $    0.00
2026-08-24 14:24:19,028 | ✅ [ 32/96] AAPL   | Cap: $4544.19B | Vol:   56.4M | Price: $    0.00
2026-08-24 14:24:19,028 | ✅ [ 32/96] AAPL   | Cap: $4544.19B | Vol:   56.4M | Price: $    0.00
2026-08-24 14:24:20,030 | ✅ [ 33/96] BA     | Cap: $166.12B | Vol:    5.9M | Price: $    0.00
2026-08-24 14:24:20,030 | ✅ [ 33/96] BA     | Cap: $166.12B | Vol:    5.9M | Price: $    0.00
2026-08-24 14:24:20,943 | ✅ [ 34/96] NET    | Cap: $100.62B | Vol:    3.7M | Price: $    0.00
2026-08-24 14:24:20,943 | ✅ [ 34/96] NET    | Cap: $100.62B | Vol:    3.7M | Price: $    0.00
2026-08-24 14:24:21,928 | ✅ [ 35/96] F      | Cap: $ 55.43B | Vol:   56.6M | Price: $    0.00
2026-08-24 14:24:21,928 | ✅ [ 35/96] F      | Cap: $ 55.43B | Vol:   56.6M | Price: $    0.00
2026-08-24 14:24:22,869 | ✅ [ 36/96] VZ     | Cap: $208.36B | Vol:   27.0M | Price: $    0.00
2026-08-24 14:24:22,869 | ✅ [ 36/96] VZ     | Cap: $208.36B | Vol:   27.0M | Price: $    0.00
2026-08-24 14:24:23,922 | ✅ [ 37/96] GOOGL  | Cap: $4267.09B | Vol:   32.0M | Price: $    0.00
2026-08-24 14:24:23,922 | ✅ [ 37/96] GOOGL  | Cap: $4267.09B | Vol:   32.0M | Price: $    0.00
2026-08-24 14:24:27,045 | ✅ [ 39/96] V      | Cap: $712.71B | Vol:    8.1M | Price: $    0.00
2026-08-24 14:24:27,045 | ✅ [ 39/96] V      | Cap: $712.71B | Vol:    8.1M | Price: $    0.00
2026-08-24 14:24:29,934 | ✅ [ 41/96] META   | Cap: $1426.81B | Vol:   18.5M | Price: $    0.00
2026-08-24 14:24:29,934 | ✅ [ 41/96] META   | Cap: $1426.81B | Vol:   18.5M | Price: $    0.00
2026-08-24 14:24:30,862 | ✅ [ 42/96] ADBE   | Cap: $110.08B | Vol:    6.4M | Price: $    0.00
2026-08-24 14:24:30,862 | ✅ [ 42/96] ADBE   | Cap: $110.08B | Vol:    6.4M | Price: $    0.00
2026-08-24 14:24:31,912 | ✅ [ 43/96] INTU   | Cap: $101.43B | Vol:    5.1M | Price: $    0.00
2026-08-24 14:24:31,912 | ✅ [ 43/96] INTU   | Cap: $101.43B | Vol:    5.1M | Price: $    0.00
2026-08-24 14:24:32,767 | ✅ [ 44/96] GM     | Cap: $ 78.56B | Vol:    7.5M | Price: $    0.00
2026-08-24 14:24:32,767 | ✅ [ 44/96] GM     | Cap: $ 78.56B | Vol:    7.5M | Price: $    0.00
2026-08-24 14:24:33,577 | ✅ [ 45/96] ABNB   | Cap: $112.37B | Vol:    4.2M | Price: $    0.00
2026-08-24 14:24:33,577 | ✅ [ 45/96] ABNB   | Cap: $112.37B | Vol:    4.2M | Price: $    0.00
2026-08-24 14:24:34,732 | ✅ [ 46/96] MSFT   | Cap: $3629.16B | Vol:   39.6M | Price: $    0.00
2026-08-24 14:24:34,732 | ✅ [ 46/96] MSFT   | Cap: $3629.16B | Vol:   39.6M | Price: $    0.00
2026-08-24 14:24:35,708 | ✅ [ 47/96] ABT    | Cap: $201.16B | Vol:   11.9M | Price: $    0.00
2026-08-24 14:24:35,708 | ✅ [ 47/96] ABT    | Cap: $201.16B | Vol:   11.9M | Price: $    0.00
2026-08-24 14:24:36,565 | ✅ [ 48/96] DASH   | Cap: $ 99.82B | Vol:    4.6M | Price: $    0.00
2026-08-24 14:24:36,565 | ✅ [ 48/96] DASH   | Cap: $ 99.82B | Vol:    4.6M | Price: $    0.00
2026-08-24 14:24:43,095 | ✅ [ 52/96] PG     | Cap: $339.62B | Vol:    9.2M | Price: $    0.00
2026-08-24 14:24:43,095 | ✅ [ 52/96] PG     | Cap: $339.62B | Vol:    9.2M | Price: $    0.00
2026-08-24 14:24:43,973 | ✅ [ 53/96] RBLX   | Cap: $ 27.57B | Vol:   11.9M | Price: $    0.00
2026-08-24 14:24:43,973 | ✅ [ 53/96] RBLX   | Cap: $ 27.57B | Vol:   11.9M | Price: $    0.00
2026-08-24 14:24:44,884 | ✅ [ 54/96] LLY    | Cap: $1111.77B | Vol:    3.0M | Price: $    0.00
2026-08-24 14:24:44,884 | ✅ [ 54/96] LLY    | Cap: $1111.77B | Vol:    3.0M | Price: $    0.00
2026-08-24 14:24:52,485 | ✅ [ 59/96] BKNG   | Cap: $160.67B | Vol:    7.0M | Price: $    0.00
2026-08-24 14:24:52,485 | ✅ [ 59/96] BKNG   | Cap: $160.67B | Vol:    7.0M | Price: $    0.00
2026-08-24 14:24:53,418 | ✅ [ 60/96] JD     | Cap: $ 39.46B | Vol:    8.6M | Price: $    0.00
2026-08-24 14:24:53,418 | ✅ [ 60/96] JD     | Cap: $ 39.46B | Vol:    8.6M | Price: $    0.00
2026-08-24 14:24:54,364 | ✅ [ 61/96] AMZN   | Cap: $2825.58B | Vol:   49.7M | Price: $    0.00
2026-08-24 14:24:54,364 | ✅ [ 61/96] AMZN   | Cap: $2825.58B | Vol:   49.7M | Price: $    0.00
2026-08-24 14:25:02,977 | ✅ [ 66/96] JNJ    | Cap: $658.01B | Vol:    8.0M | Price: $    0.00
2026-08-24 14:25:02,977 | ✅ [ 66/96] JNJ    | Cap: $658.01B | Vol:    8.0M | Price: $    0.00
2026-08-24 14:25:05,878 | ✅ [ 68/96] CSCO   | Cap: $434.98B | Vol:   23.9M | Price: $    0.00
2026-08-24 14:25:05,878 | ✅ [ 68/96] CSCO   | Cap: $434.98B | Vol:   23.9M | Price: $    0.00
2026-08-24 14:25:08,475 | ✅ [ 70/96] PINS   | Cap: $ 13.25B | Vol:   15.1M | Price: $    0.00
2026-08-24 14:25:08,475 | ✅ [ 70/96] PINS   | Cap: $ 13.25B | Vol:   15.1M | Price: $    0.00
2026-08-24 14:25:11,188 | ✅ [ 72/96] PDD    | Cap: $124.38B | Vol:    8.6M | Price: $    0.00
2026-08-24 14:25:11,188 | ✅ [ 72/96] PDD    | Cap: $124.38B | Vol:    8.6M | Price: $    0.00
2026-08-24 14:25:12,125 | ✅ [ 73/96] QCOM   | Cap: $166.87B | Vol:   16.8M | Price: $    0.00
2026-08-24 14:25:12,125 | ✅ [ 73/96] QCOM   | Cap: $166.87B | Vol:   16.8M | Price: $    0.00
2026-08-24 14:25:13,207 | ✅ [ 74/96] U      | Cap: $ 20.41B | Vol:    9.6M | Price: $    0.00
2026-08-24 14:25:13,207 | ✅ [ 74/96] U      | Cap: $ 20.41B | Vol:    9.6M | Price: $    0.00
2026-08-24 14:25:14,148 | ✅ [ 75/96] PYPL   | Cap: $ 52.76B | Vol:   15.9M | Price: $    0.00
2026-08-24 14:25:14,148 | ✅ [ 75/96] PYPL   | Cap: $ 52.76B | Vol:   15.9M | Price: $    0.00
2026-08-24 14:25:15,023 | ✅ [ 76/96] ZM     | Cap: $ 30.59B | Vol:    3.7M | Price: $    0.00
2026-08-24 14:25:15,023 | ✅ [ 76/96] ZM     | Cap: $ 30.59B | Vol:    3.7M | Price: $    0.00
2026-08-24 14:25:18,326 | ✅ [ 78/96] JPM    | Cap: $946.26B | Vol:    8.8M | Price: $    0.00
2026-08-24 14:25:18,326 | ✅ [ 78/96] JPM    | Cap: $946.26B | Vol:    8.8M | Price: $    0.00
2026-08-24 14:25:19,318 | ✅ [ 79/96] MCD    | Cap: $192.77B | Vol:    4.6M | Price: $    0.00
2026-08-24 14:25:19,318 | ✅ [ 79/96] MCD    | Cap: $192.77B | Vol:    4.6M | Price: $    0.00
2026-08-24 14:25:23,697 | ✅ [ 82/96] CVX    | Cap: $398.93B | Vol:    8.7M | Price: $    0.00
2026-08-24 14:25:23,697 | ✅ [ 82/96] CVX    | Cap: $398.93B | Vol:    8.7M | Price: $    0.00
2026-08-24 14:25:24,547 | ✅ [ 83/96] SHOP   | Cap: $192.74B | Vol:    9.4M | Price: $    0.00
2026-08-24 14:25:24,547 | ✅ [ 83/96] SHOP   | Cap: $192.74B | Vol:    9.4M | Price: $    0.00
2026-08-24 14:25:25,466 | ✅ [ 84/96] IBM    | Cap: $218.93B | Vol:   10.8M | Price: $    0.00
2026-08-24 14:25:25,466 | ✅ [ 84/96] IBM    | Cap: $218.93B | Vol:   10.8M | Price: $    0.00
2026-08-24 14:25:26,373 | ✅ [ 85/96] XOM    | Cap: $673.41B | Vol:   15.8M | Price: $    0.00
2026-08-24 14:25:26,373 | ✅ [ 85/96] XOM    | Cap: $673.41B | Vol:   15.8M | Price: $    0.00
2026-08-24 14:25:28,510 | ✅ [ 86/96] SBUX   | Cap: $122.30B | Vol:    7.5M | Price: $    0.00
2026-08-24 14:25:28,510 | ✅ [ 86/96] SBUX   | Cap: $122.30B | Vol:    7.5M | Price: $    0.00
2026-08-24 14:25:33,210 | ✅ [ 89/96] SNOW   | Cap: $112.53B | Vol:    7.1M | Price: $    0.00
2026-08-24 14:25:33,210 | ✅ [ 89/96] SNOW   | Cap: $112.53B | Vol:    7.1M | Price: $    0.00
2026-08-24 14:25:35,993 | ✅ [ 91/96] BRK-B  | Cap: $1075.58B | Vol:    4.8M | Price: $    0.00
2026-08-24 14:25:35,993 | ✅ [ 91/96] BRK-B  | Cap: $1075.58B | Vol:    4.8M | Price: $    0.00
2026-08-24 14:25:38,593 | ✅ [ 93/96] AXP    | Cap: $228.45B | Vol:    3.0M | Price: $    0.00
2026-08-24 14:25:38,593 | ✅ [ 93/96] AXP    | Cap: $228.45B | Vol:    3.0M | Price: $    0.00
2026-08-24 14:25:47,600 | ================================================================================
2026-08-24 14:25:47,600 | ================================================================================
2026-08-24 14:25:47,600 | ✅ FILTERED: 96 → 61 symbols
2026-08-24 14:25:47,600 | ✅ FILTERED: 96 → 61 symbols
2026-08-24 14:25:47,600 |    Passed: 61 | Skipped: 35
2026-08-24 14:25:47,600 |    Passed: 61 | Skipped: 35
2026-08-24 14:25:47,600 | ================================================================================
2026-08-24 14:25:47,600 | ================================================================================
2026-08-24 14:25:47,600 | ✅ Ready to scan 50 liquid, established equities

2026-08-24 14:25:47,600 | ✅ Ready to scan 50 liquid, established equities

2026-08-24 14:25:47,600 | ================================================================================

2026-08-24 14:25:47,600 | ================================================================================

2026-08-24 14:25:47,600 | ================================================================================
2026-08-24 14:25:47,600 | ================================================================================
2026-08-24 14:25:47,600 | CYCLE | 2026-08-24 14:25:47 | PRODUCTION BOT (ENTRY + EXIT)
2026-08-24 14:25:47,600 | CYCLE | 2026-08-24 14:25:47 | PRODUCTION BOT (ENTRY + EXIT)
2026-08-24 14:25:47,600 | Scanning 50 symbols for entry + managing 3 open positions
2026-08-24 14:25:47,600 | Scanning 50 symbols for entry + managing 3 open positions
2026-08-24 14:25:47,600 | ================================================================================
2026-08-24 14:25:47,600 | ================================================================================
2026-08-24 14:25:47,600 | 
📋 PHASE 1: Exit Management
2026-08-24 14:25:47,600 | 
📋 PHASE 1: Exit Management
2026-08-24 14:25:47,600 | --------------------------------------------------------------------------------
2026-08-24 14:25:47,600 | --------------------------------------------------------------------------------
2026-08-24 14:25:48,285 | 📊 [CRWD] Holding | Entry: $189.89 | Current: $191.14 | PnL: +0.66% | Age: 2 cycles
2026-08-24 14:25:48,285 | 📊 [CRWD] Holding | Entry: $189.89 | Current: $191.14 | PnL: +0.66% | Age: 2 cycles
2026-08-24 14:25:49,008 | 📊 [ZM] Holding | Entry: $103.59 | Current: $104.40 | PnL: +0.78% | Age: 2 cycles
2026-08-24 14:25:49,008 | 📊 [ZM] Holding | Entry: $103.59 | Current: $104.40 | PnL: +0.78% | Age: 2 cycles
2026-08-24 14:25:49,650 | 📊 Exits Executed: 0
2026-08-24 14:25:49,650 | 📊 Exits Executed: 0
2026-08-24 14:25:49,650 | 
📋 PHASE 2: Entry Screening
2026-08-24 14:25:49,650 | 
📋 PHASE 2: Entry Screening
2026-08-24 14:25:49,650 | --------------------------------------------------------------------------------
2026-08-24 14:25:49,650 | --------------------------------------------------------------------------------
2026-08-24 14:25:50,814 | ✅ [ 1/50] INTC   | ADX:    7.7 | Stoch:   44.2
2026-08-24 14:25:50,814 | ✅ [ 1/50] INTC   | ADX:    7.7 | Stoch:   44.2
2026-08-24 14:25:51,503 | ✅ [ 2/50] COIN   | ADX:   15.2 | Stoch:    5.1
2026-08-24 14:25:51,503 | ✅ [ 2/50] COIN   | ADX:   15.2 | Stoch:    5.1
2026-08-24 14:25:52,243 | ✅ [ 3/50] WMT    | ADX:   12.7 | Stoch:   97.2
2026-08-24 14:25:52,243 | ✅ [ 3/50] WMT    | ADX:   12.7 | Stoch:   97.2
2026-08-24 14:25:52,923 | ✅ [ 4/50] NVDA   | ADX:   15.1 | Stoch:   12.4
2026-08-24 14:25:52,923 | ✅ [ 4/50] NVDA   | ADX:   15.1 | Stoch:   12.4
2026-08-24 14:25:53,809 | ✅ [ 5/50] RIVN   | ADX:   11.8 | Stoch:   21.2
2026-08-24 14:25:53,809 | ✅ [ 5/50] RIVN   | ADX:   11.8 | Stoch:   21.2
2026-08-24 14:25:54,526 | ✅ [ 6/50] TSLA   | ADX:   23.5 | Stoch:   12.7
2026-08-24 14:25:54,526 | ✅ [ 6/50] TSLA   | ADX:   23.5 | Stoch:   12.7
2026-08-24 14:25:54,526 | 🎯 ENTRY SIGNAL: TSLA BUY 1 @ $350.58
2026-08-24 14:25:54,526 | 🎯 ENTRY SIGNAL: TSLA BUY 1 @ $350.58
2026-08-24 14:25:55,378 | ✅ Entry order executed: {'jsonrpc': '2.0', 'id': 2, 'result': {'content': [{'type': 'text', 'text': '{"data":{"order":{"id":"6a8c9ac3-e302-4739-8310-f766bd8d9c90","instrument_id":"e39ed23a-7bd1-4587-b060-71988d9ef483","symbol":"","side":"buy","type":"market","state":"unconfirmed","quantity":"1.000000","cumulative_quantity":"0.000000","price":"350.610000","stop_price":null,"average_price":null,"fees":"0.000000","dollar_based_amount":null,"time_in_force":"gfd","market_hours":"regular_hours","trigger":"immediate","placed_agent":"agentic","created_at":"2026-08-24T19:25:55.149467Z","last_transaction_at":"2026-08-24T19:25:55.149467Z","executions":[]}},"guide":"The order has been submitted â\x80\x94 not necessarily filled. Describe with state. Tell the user the order was placed and summarize symbol, side, type, quantity (or dollar_based_amount), and limit/stop prices; remind them it may not have filled yet and that they can check status or cancel via id. On error, the order was NOT placed â\x80\x94 report the error verbatim."}'}], 'structuredContent': {'data': {'order': {'id': '6a8c9ac3-e302-4739-8310-f766bd8d9c90', 'instrument_id': 'e39ed23a-7bd1-4587-b060-71988d9ef483', 'symbol': '', 'side': 'buy', 'type': 'market', 'state': 'unconfirmed', 'quantity': '1.000000', 'cumulative_quantity': '0.000000', 'price': '350.610000', 'stop_price': None, 'average_price': None, 'fees': '0.000000', 'dollar_based_amount': None, 'time_in_force': 'gfd', 'market_hours': 'regular_hours', 'trigger': 'immediate', 'placed_agent': 'agentic', 'created_at': '2026-08-24T19:25:55.149467Z', 'last_transaction_at': '2026-08-24T19:25:55.149467Z', 'executions': []}}, 'guide': 'The order has been submitted â\x80\x94 not necessarily filled. Describe with state. Tell the user the order was placed and summarize symbol, side, type, quantity (or dollar_based_amount), and limit/stop prices; remind them it may not have filled yet and that they can check status or cancel via id. On error, the order was NOT placed â\x80\x94 report the error verbatim.'}}}
2026-08-24 14:25:55,378 | ✅ Entry order executed: {'jsonrpc': '2.0', 'id': 2, 'result': {'content': [{'type': 'text', 'text': '{"data":{"order":{"id":"6a8c9ac3-e302-4739-8310-f766bd8d9c90","instrument_id":"e39ed23a-7bd1-4587-b060-71988d9ef483","symbol":"","side":"buy","type":"market","state":"unconfirmed","quantity":"1.000000","cumulative_quantity":"0.000000","price":"350.610000","stop_price":null,"average_price":null,"fees":"0.000000","dollar_based_amount":null,"time_in_force":"gfd","market_hours":"regular_hours","trigger":"immediate","placed_agent":"agentic","created_at":"2026-08-24T19:25:55.149467Z","last_transaction_at":"2026-08-24T19:25:55.149467Z","executions":[]}},"guide":"The order has been submitted â\x80\x94 not necessarily filled. Describe with state. Tell the user the order was placed and summarize symbol, side, type, quantity (or dollar_based_amount), and limit/stop prices; remind them it may not have filled yet and that they can check status or cancel via id. On error, the order was NOT placed â\x80\x94 report the error verbatim."}'}], 'structuredContent': {'data': {'order': {'id': '6a8c9ac3-e302-4739-8310-f766bd8d9c90', 'instrument_id': 'e39ed23a-7bd1-4587-b060-71988d9ef483', 'symbol': '', 'side': 'buy', 'type': 'market', 'state': 'unconfirmed', 'quantity': '1.000000', 'cumulative_quantity': '0.000000', 'price': '350.610000', 'stop_price': None, 'average_price': None, 'fees': '0.000000', 'dollar_based_amount': None, 'time_in_force': 'gfd', 'market_hours': 'regular_hours', 'trigger': 'immediate', 'placed_agent': 'agentic', 'created_at': '2026-08-24T19:25:55.149467Z', 'last_transaction_at': '2026-08-24T19:25:55.149467Z', 'executions': []}}, 'guide': 'The order has been submitted â\x80\x94 not necessarily filled. Describe with state. Tell the user the order was placed and summarize symbol, side, type, quantity (or dollar_based_amount), and limit/stop prices; remind them it may not have filled yet and that they can check status or cancel via id. On error, the order was NOT placed â\x80\x94 report the error verbatim.'}}}
2026-08-24 14:25:55,379 | 📝 Position tracked: TSLA 1@ $350.58 @ 2026-08-24 14:25:47
2026-08-24 14:25:55,379 | 📝 Position tracked: TSLA 1@ $350.58 @ 2026-08-24 14:25:47
2026-08-24 14:25:56,232 | ✅ [ 7/50] CMG    | ADX:    7.2 | Stoch:   88.1
2026-08-24 14:25:56,232 | ✅ [ 7/50] CMG    | ADX:    7.2 | Stoch:   88.1
2026-08-24 14:25:56,998 | ✅ [ 8/50] MU     | ADX:    8.3 | Stoch:   31.1
2026-08-24 14:25:56,998 | ✅ [ 8/50] MU     | ADX:    8.3 | Stoch:   31.1
2026-08-24 14:25:57,640 | ✅ [ 9/50] BABA   | ADX:   22.4 | Stoch:   60.9
2026-08-24 14:25:57,640 | ✅ [ 9/50] BABA   | ADX:   22.4 | Stoch:   60.9
2026-08-24 14:25:58,440 | ✅ [11/50] AMD    | ADX:    7.7 | Stoch:   22.2
2026-08-24 14:25:58,440 | ✅ [11/50] AMD    | ADX:    7.7 | Stoch:   22.2
2026-08-24 14:25:59,144 | ✅ [12/50] XPEV   | ADX:   15.8 | Stoch:    6.5
2026-08-24 14:25:59,144 | ✅ [12/50] XPEV   | ADX:   15.8 | Stoch:    6.5
2026-08-24 14:25:59,817 | ✅ [13/50] NIO    | ADX:    7.4 | Stoch:    8.3
2026-08-24 14:25:59,817 | ✅ [13/50] NIO    | ADX:    7.4 | Stoch:    8.3
2026-08-24 14:26:00,491 | ✅ [14/50] PLTR   | ADX:   36.4 | Stoch:   60.6
2026-08-24 14:26:00,491 | ✅ [14/50] PLTR   | ADX:   36.4 | Stoch:   60.6
2026-08-24 14:26:01,177 | ✅ [15/50] CRM    | ADX:   20.0 | Stoch:   48.1
2026-08-24 14:26:01,177 | ✅ [15/50] CRM    | ADX:   20.0 | Stoch:   48.1
2026-08-24 14:26:02,038 | ✅ [16/50] CPNG   | ADX:    6.9 | Stoch:   57.8
2026-08-24 14:26:02,038 | ✅ [16/50] CPNG   | ADX:    6.9 | Stoch:   57.8
2026-08-24 14:26:02,902 | ✅ [17/50] NFLX   | ADX:   22.5 | Stoch:   74.7
2026-08-24 14:26:02,902 | ✅ [17/50] NFLX   | ADX:   22.5 | Stoch:   74.7
2026-08-24 14:26:03,586 | ✅ [18/50] UBER   | ADX:   13.4 | Stoch:   77.2
2026-08-24 14:26:03,586 | ✅ [18/50] UBER   | ADX:   13.4 | Stoch:   77.2
2026-08-24 14:26:04,279 | ✅ [19/50] KO     | ADX:   20.2 | Stoch:   50.0
2026-08-24 14:26:04,279 | ✅ [19/50] KO     | ADX:   20.2 | Stoch:   50.0
2026-08-24 14:26:05,012 | ✅ [20/50] T      | ADX:   14.8 | Stoch:   84.8
2026-08-24 14:26:05,012 | ✅ [20/50] T      | ADX:   14.8 | Stoch:   84.8
2026-08-24 14:26:05,672 | ✅ [21/50] OKTA   | ADX:   10.1 | Stoch:   26.5
2026-08-24 14:26:05,672 | ✅ [21/50] OKTA   | ADX:   10.1 | Stoch:   26.5
2026-08-24 14:26:06,358 | ✅ [22/50] DDOG   | ADX:   10.1 | Stoch:   17.6
2026-08-24 14:26:06,358 | ✅ [22/50] DDOG   | ADX:   10.1 | Stoch:   17.6
2026-08-24 14:26:07,044 | ✅ [23/50] AAPL   | ADX:   18.1 | Stoch:   57.9
2026-08-24 14:26:07,044 | ✅ [23/50] AAPL   | ADX:   18.1 | Stoch:   57.9
2026-08-24 14:26:07,730 | ✅ [24/50] BA     | ADX:   18.2 | Stoch:   23.5
2026-08-24 14:26:07,730 | ✅ [24/50] BA     | ADX:   18.2 | Stoch:   23.5
2026-08-24 14:26:08,654 | ✅ [25/50] NET    | ADX:   16.6 | Stoch:    9.3
2026-08-24 14:26:08,654 | ✅ [25/50] NET    | ADX:   16.6 | Stoch:    9.3
2026-08-24 14:26:09,342 | ✅ [26/50] F      | ADX:    7.2 | Stoch:   18.0
2026-08-24 14:26:09,342 | ✅ [26/50] F      | ADX:    7.2 | Stoch:   18.0
2026-08-24 14:26:09,994 | ✅ [27/50] VZ     | ADX:    7.8 | Stoch:   87.7
2026-08-24 14:26:09,994 | ✅ [27/50] VZ     | ADX:    7.8 | Stoch:   87.7
2026-08-24 14:26:10,648 | ✅ [28/50] GOOGL  | ADX:   12.8 | Stoch:   70.8
2026-08-24 14:26:10,648 | ✅ [28/50] GOOGL  | ADX:   12.8 | Stoch:   70.8
2026-08-24 14:26:11,330 | ✅ [29/50] V      | ADX:    4.2 | Stoch:   99.1
2026-08-24 14:26:11,330 | ✅ [29/50] V      | ADX:    4.2 | Stoch:   99.1
2026-08-24 14:26:12,088 | ✅ [30/50] META   | ADX:    8.8 | Stoch:   93.0
2026-08-24 14:26:12,088 | ✅ [30/50] META   | ADX:    8.8 | Stoch:   93.0
2026-08-24 14:26:13,063 | ✅ [31/50] ADBE   | ADX:   16.3 | Stoch:   68.5
2026-08-24 14:26:13,063 | ✅ [31/50] ADBE   | ADX:   16.3 | Stoch:   68.5
2026-08-24 14:26:13,918 | ✅ [32/50] INTU   | ADX:   23.2 | Stoch:   77.6
2026-08-24 14:26:13,918 | ✅ [32/50] INTU   | ADX:   23.2 | Stoch:   77.6
2026-08-24 14:26:14,660 | ✅ [33/50] GM     | ADX:   16.2 | Stoch:   48.4
2026-08-24 14:26:14,660 | ✅ [33/50] GM     | ADX:   16.2 | Stoch:   48.4
2026-08-24 14:26:15,332 | ✅ [34/50] ABNB   | ADX:   40.6 | Stoch:   60.5
2026-08-24 14:26:15,332 | ✅ [34/50] ABNB   | ADX:   40.6 | Stoch:   60.5
2026-08-24 14:26:15,994 | ✅ [35/50] MSFT   | ADX:   31.7 | Stoch:   79.9
2026-08-24 14:26:15,994 | ✅ [35/50] MSFT   | ADX:   31.7 | Stoch:   79.9
2026-08-24 14:26:16,726 | ✅ [36/50] ABT    | ADX:   19.0 | Stoch:   17.1
2026-08-24 14:26:16,726 | ✅ [36/50] ABT    | ADX:   19.0 | Stoch:   17.1
2026-08-24 14:26:17,344 | ✅ [37/50] DASH   | ADX:   24.7 | Stoch:   94.8
2026-08-24 14:26:17,344 | ✅ [37/50] DASH   | ADX:   24.7 | Stoch:   94.8
2026-08-24 14:26:18,051 | ✅ [38/50] PG     | ADX:    4.5 | Stoch:   71.3
2026-08-24 14:26:18,051 | ✅ [38/50] PG     | ADX:    4.5 | Stoch:   71.3
2026-08-24 14:26:18,953 | ✅ [39/50] RBLX   | ADX:   28.2 | Stoch:   14.7
2026-08-24 14:26:18,953 | ✅ [39/50] RBLX   | ADX:   28.2 | Stoch:   14.7
2026-08-24 14:26:18,953 | 🎯 ENTRY SIGNAL: RBLX BUY 1 @ $38.56
2026-08-24 14:26:18,953 | 🎯 ENTRY SIGNAL: RBLX BUY 1 @ $38.56
2026-08-24 14:26:19,672 | ✅ Entry order executed: {'jsonrpc': '2.0', 'id': 3, 'result': {'content': [{'type': 'text', 'text': '{"data":{"order":{"id":"6a8c9adb-6790-45f2-a10c-446f48d5248b","instrument_id":"dd770da4-6ee8-4429-99f3-b0b5f965f50a","symbol":"","side":"buy","type":"market","state":"unconfirmed","quantity":"1.000000","cumulative_quantity":"0.000000","price":"38.570000","stop_price":null,"average_price":null,"fees":"0.000000","dollar_based_amount":null,"time_in_force":"gfd","market_hours":"regular_hours","trigger":"immediate","placed_agent":"agentic","created_at":"2026-08-24T19:26:19.445275Z","last_transaction_at":"2026-08-24T19:26:19.445275Z","executions":[]}},"guide":"The order has been submitted â\x80\x94 not necessarily filled. Describe with state. Tell the user the order was placed and summarize symbol, side, type, quantity (or dollar_based_amount), and limit/stop prices; remind them it may not have filled yet and that they can check status or cancel via id. On error, the order was NOT placed â\x80\x94 report the error verbatim."}'}], 'structuredContent': {'data': {'order': {'id': '6a8c9adb-6790-45f2-a10c-446f48d5248b', 'instrument_id': 'dd770da4-6ee8-4429-99f3-b0b5f965f50a', 'symbol': '', 'side': 'buy', 'type': 'market', 'state': 'unconfirmed', 'quantity': '1.000000', 'cumulative_quantity': '0.000000', 'price': '38.570000', 'stop_price': None, 'average_price': None, 'fees': '0.000000', 'dollar_based_amount': None, 'time_in_force': 'gfd', 'market_hours': 'regular_hours', 'trigger': 'immediate', 'placed_agent': 'agentic', 'created_at': '2026-08-24T19:26:19.445275Z', 'last_transaction_at': '2026-08-24T19:26:19.445275Z', 'executions': []}}, 'guide': 'The order has been submitted â\x80\x94 not necessarily filled. Describe with state. Tell the user the order was placed and summarize symbol, side, type, quantity (or dollar_based_amount), and limit/stop prices; remind them it may not have filled yet and that they can check status or cancel via id. On error, the order was NOT placed â\x80\x94 report the error verbatim.'}}}
2026-08-24 14:26:19,672 | ✅ Entry order executed: {'jsonrpc': '2.0', 'id': 3, 'result': {'content': [{'type': 'text', 'text': '{"data":{"order":{"id":"6a8c9adb-6790-45f2-a10c-446f48d5248b","instrument_id":"dd770da4-6ee8-4429-99f3-b0b5f965f50a","symbol":"","side":"buy","type":"market","state":"unconfirmed","quantity":"1.000000","cumulative_quantity":"0.000000","price":"38.570000","stop_price":null,"average_price":null,"fees":"0.000000","dollar_based_amount":null,"time_in_force":"gfd","market_hours":"regular_hours","trigger":"immediate","placed_agent":"agentic","created_at":"2026-08-24T19:26:19.445275Z","last_transaction_at":"2026-08-24T19:26:19.445275Z","executions":[]}},"guide":"The order has been submitted â\x80\x94 not necessarily filled. Describe with state. Tell the user the order was placed and summarize symbol, side, type, quantity (or dollar_based_amount), and limit/stop prices; remind them it may not have filled yet and that they can check status or cancel via id. On error, the order was NOT placed â\x80\x94 report the error verbatim."}'}], 'structuredContent': {'data': {'order': {'id': '6a8c9adb-6790-45f2-a10c-446f48d5248b', 'instrument_id': 'dd770da4-6ee8-4429-99f3-b0b5f965f50a', 'symbol': '', 'side': 'buy', 'type': 'market', 'state': 'unconfirmed', 'quantity': '1.000000', 'cumulative_quantity': '0.000000', 'price': '38.570000', 'stop_price': None, 'average_price': None, 'fees': '0.000000', 'dollar_based_amount': None, 'time_in_force': 'gfd', 'market_hours': 'regular_hours', 'trigger': 'immediate', 'placed_agent': 'agentic', 'created_at': '2026-08-24T19:26:19.445275Z', 'last_transaction_at': '2026-08-24T19:26:19.445275Z', 'executions': []}}, 'guide': 'The order has been submitted â\x80\x94 not necessarily filled. Describe with state. Tell the user the order was placed and summarize symbol, side, type, quantity (or dollar_based_amount), and limit/stop prices; remind them it may not have filled yet and that they can check status or cancel via id. On error, the order was NOT placed â\x80\x94 report the error verbatim.'}}}
2026-08-24 14:26:19,673 | 📝 Position tracked: RBLX 1@ $38.56 @ 2026-08-24 14:25:47
2026-08-24 14:26:19,673 | 📝 Position tracked: RBLX 1@ $38.56 @ 2026-08-24 14:25:47
2026-08-24 14:26:20,433 | ✅ [40/50] LLY    | ADX:   14.4 | Stoch:   55.5
2026-08-24 14:26:20,433 | ✅ [40/50] LLY    | ADX:   14.4 | Stoch:   55.5
2026-08-24 14:26:21,168 | ✅ [41/50] BKNG   | ADX:   28.0 | Stoch:   78.0
2026-08-24 14:26:21,168 | ✅ [41/50] BKNG   | ADX:   28.0 | Stoch:   78.0
2026-08-24 14:26:21,867 | ✅ [43/50] AMZN   | ADX:   21.4 | Stoch:   75.6
2026-08-24 14:26:21,867 | ✅ [43/50] AMZN   | ADX:   21.4 | Stoch:   75.6
2026-08-24 14:26:22,624 | ✅ [44/50] JNJ    | ADX:   13.8 | Stoch:   81.3
2026-08-24 14:26:22,624 | ✅ [44/50] JNJ    | ADX:   13.8 | Stoch:   81.3
2026-08-24 14:26:23,350 | ✅ [45/50] CSCO   | ADX:   15.1 | Stoch:   46.9
2026-08-24 14:26:23,350 | ✅ [45/50] CSCO   | ADX:   15.1 | Stoch:   46.9
2026-08-24 14:26:24,124 | ✅ [46/50] PINS   | ADX:    5.8 | Stoch:   66.5
2026-08-24 14:26:24,124 | ✅ [46/50] PINS   | ADX:    5.8 | Stoch:   66.5
2026-08-24 14:26:24,784 | ✅ [47/50] PDD    | ADX:   17.6 | Stoch:   19.6
2026-08-24 14:26:24,784 | ✅ [47/50] PDD    | ADX:   17.6 | Stoch:   19.6
2026-08-24 14:26:25,444 | ✅ [48/50] QCOM   | ADX:    8.5 | Stoch:   43.4
2026-08-24 14:26:25,444 | ✅ [48/50] QCOM   | ADX:    8.5 | Stoch:   43.4
2026-08-24 14:26:26,171 | ✅ [49/50] U      | ADX:   42.2 | Stoch:   39.1
2026-08-24 14:26:26,171 | ✅ [49/50] U      | ADX:   42.2 | Stoch:   39.1
2026-08-24 14:26:26,865 | ✅ [50/50] PYPL   | ADX:   21.5 | Stoch:   31.9
2026-08-24 14:26:26,865 | ✅ [50/50] PYPL   | ADX:   21.5 | Stoch:   31.9
2026-08-24 14:26:26,865 | ================================================================================
2026-08-24 14:26:26,865 | ================================================================================
2026-08-24 14:26:26,865 | 📊 Entry Analysis: 48 analyzed | 0 skipped | 2 signals
2026-08-24 14:26:26,865 | 📊 Entry Analysis: 48 analyzed | 0 skipped | 2 signals
2026-08-24 14:26:26,865 |    Analyzed: INTC, COIN, WMT, NVDA, RIVN, TSLA, CMG, MU, BABA, AMD, XPEV, NIO, PLTR, CRM, CPNG, NFLX, UBER, KO, T, OKTA +28
2026-08-24 14:26:26,865 |    Analyzed: INTC, COIN, WMT, NVDA, RIVN, TSLA, CMG, MU, BABA, AMD, XPEV, NIO, PLTR, CRM, CPNG, NFLX, UBER, KO, T, OKTA +28
2026-08-24 14:26:26,865 | ================================================================================

2026-08-24 14:26:26,865 | ================================================================================

2026-08-24 14:26:26,870 | [*] MCP subprocess terminated
2026-08-24 14:26:26,870 | [*] MCP subprocess terminated
Traceback (most recent call last):
  File "/Users/ramayalala/trading_bot/bot_production_final.py", line 14, in <module>
    import pandas as pd
ModuleNotFoundError: No module named 'pandas'
Traceback (most recent call last):
  File "/Users/ramayalala/trading_bot/bot_production_final.py", line 14, in <module>
    import pandas as pd
ModuleNotFoundError: No module named 'pandas'
Traceback (most recent call last):
  File "/Users/ramayalala/trading_bot/bot_production_final.py", line 14, in <module>
    import pandas as pd
ModuleNotFoundError: No module named 'pandas'
Traceback (most recent call last):
  File "/Users/ramayalala/trading_bot/bot_production_final.py", line 14, in <module>
    import pandas as pd
ModuleNotFoundError: No module named 'pandas'
Traceback (most recent call last):
  File "/Users/ramayalala/trading_bot/bot_production_final.py", line 14, in <module>
    import pandas as pd
ModuleNotFoundError: No module named 'pandas'
