{
  "rsi_mid|macd_pos|above_vwap|vol_low|flat": [
    0.20384807472549202,
    0.1300329237411741,
    0.14855866629038034
  ],
  "rsi_mid|macd_pos|above_vwap|vol_low|holding": [
    0.16354612060633705,
    0.1642865027022047,
    0.15386180816335238
  ],
  "rsi_mid|macd_pos|below_vwap|vol_mid|flat": [
    0.23327962648280498,
    0.0851306571457051,
    0.08968524370830305
  ],
  "rsi_low|macd_neg|below_vwap|vol_mid|holding": [
    0.10022904406921686,
    0.09752465102705955,
    0.15296947043989514
  ],
  "rsi_low|macd_neg|below_vwap|vol_mid|flat": [
    0.20414689178873824,
    0.07604032946310577,
    0.10887143816955681
  ],
  "rsi_low|macd_neg|below_vwap|vol_low|holding": [
    0.11809954809353493,
    0.13984470591828768,
    0.11032985638127817
  ],
  "rsi_mid|macd_neg|below_vwap|vol_low|holding": [
    0.14033656083648782,
    0.10088361832070103,
    0.08592797045537236
  ],
  "rsi_mid|macd_neg|below_vwap|vol_low|flat": [
    0.123568635628647,
    0.09758800846616818,
    0.10312913255650094
  ],
  "rsi_mid|macd_neg|below_vwap|vol_mid|flat": [
    0.09318664504950093,
    0.08576298350974168,
    0.09682030008836158
  ],
  "rsi_mid|macd_neg|above_vwap|vol_low|flat": [
    0.05119431135179556,
    0.08344124276104233,
    0.07711516627039025
  ],
  "rsi_mid|macd_neg|above_vwap|vol_low|holding": [
    0.07804047656761769,
    0.08936345893425657,
    0.07742639503240073
  ],
  "rsi_mid|macd_neg|above_vwap|vol_mid|holding": [
    0.08342323356103777,
    0.0936579833175692,
    0.0652502098293605
  ],
  "rsi_mid|macd_pos|above_vwap|vol_mid|holding": [
    0.18320437650232047,
    0.1614389566485808,
    0.17097894303356348
  ],
  "rsi_high|macd_pos|above_vwap|vol_mid|holding": [
    0.2695644563795735,
    0.2573283772873248,
    0.3129303444015542
  ],
  "rsi_mid|macd_pos|above_vwap|vol_mid|flat": [
    0.13293821434550612,
    0.1829046332646644,
    0.13824732574640078
  ],
  "rsi_mid|macd_pos|below_vwap|vol_mid|holding": [
    0.19491421617414803,
    0.08973731903762466,
    0.3450315212950048
  ],
  "rsi_mid|macd_neg|below_vwap|vol_high|holding": [
    0.09704630706104703,
    0.06547629212880199,
    0.039088085280299195
  ],
  "rsi_mid|macd_neg|below_vwap|vol_mid|holding": [
    0.09125480913835628,
    0.1255900583263769,
    0.09184442063676634
  ],
  "rsi_high|macd_pos|above_vwap|vol_low|flat": [
    0.08901827013329254,
    0.12865561778487733,
    0.22861341198789278
  ],
  "rsi_high|macd_pos|above_vwap|vol_low|holding": [
    0.19522123041977155,
    0.16308113093458565,
    0.251907198885468
  ],
  "rsi_high|macd_pos|above_vwap|vol_mid|flat": [
    0.3457765758528214,
    0.13234864926399836,
    0.19474800697207947
  ],
  "rsi_high|macd_pos|above_vwap|vol_high|flat": [
    0.014837750346128555,
    0.08995192991248366,
    0.16361057706103435
  ],
  "rsi_mid|macd_pos|above_vwap|vol_high|holding": [
    0.16038187471772508,
    0.15727496619184428,
    0.137240429442054
  ],
  "rsi_mid|macd_neg|above_vwap|vol_high|holding": [
    0.060211278122782236,
    0.03677230815581521,
    0.36565934492718655
  ],
  "rsi_low|macd_neg|above_vwap|vol_high|holding": [
    0.04898503008347192,
    0.08686221225828603,
    0.055818593060165456
  ],
  "rsi_low|macd_neg|above_vwap|vol_mid|holding": [
    0.06949420592004281,
    0.13594362294221285,
    0.05197686934656963
  ],
  "rsi_low|macd_neg|above_vwap|vol_low|holding": [
    0.09594444296440209,
    0.04314358729935642,
    0.04257944968772729
  ],
  "rsi_low|macd_neg|above_vwap|vol_low|flat": [
    0.0655732207139831,
    0.09328433321824593,
    0.07284001486698032
  ],
  "rsi_mid|macd_neg|above_vwap|vol_mid|flat": [
    0.0694740951381039,
    0.07338665622101084,
    0.07693060508289626
  ],
  "rsi_high|macd_neg|above_vwap|vol_mid|flat": [
    0.03425637646187795,
    0.037207725248013426,
    0.04697558956181156
  ],
  "rsi_high|macd_neg|above_vwap|vol_low|flat": [
    0.02116985178313026,
    0.038437519311464864,
    0.030130575750944636
  ],
  "rsi_low|macd_neg|above_vwap|vol_mid|flat": [
    0.0513587594488107,
    0.0696389302780481,
    0.13555312573151315
  ],
  "rsi_low|macd_pos|above_vwap|vol_mid|holding": [
    0.04634323422405797,
    0.08862199307110173,
    0.043380170072999755
  ],
  "rsi_mid|macd_pos|above_vwap|vol_high|flat": [
    0.041924053826867626,
    0.08576004296199007,
    0.1679083103253502
  ],
  "rsi_low|macd_pos|above_vwap|vol_low|holding": [
    0.07531128330467149,
    0.08773669449212385,
    0.17381813917443337
  ],
  "rsi_low|macd_neg|above_vwap|vol_high|flat": [
    0.03221250960696342,
    0.05598126127399031,
    0.04375434137804215
  ],
  "rsi_low|macd_pos|above_vwap|vol_mid|flat": [
    0.039903686731361826,
    0.03776813140862691,
    0.07866068306917096
  ],
  "rsi_high|macd_pos|above_vwap|vol_high|holding": [
    0.2734780584637921,
    0.08520999934955331,
    0.11966422061147794
  ],
  "rsi_low|macd_neg|below_vwap|vol_low|flat": [
    0.12968418982322,
    0.11408754519101685,
    0.12091923471939574
  ],
  "rsi_mid|macd_neg|below_vwap|vol_high|flat": [
    0.042301017838126884,
    0.049573507513296505,
    0.09023030745045679
  ],
  "rsi_mid|macd_neg|above_vwap|vol_high|flat": [
    0.20693202959170234,
    0.039698840925608145,
    0.08253472667251843
  ],
  "rsi_high|macd_neg|above_vwap|vol_mid|holding": [
    0.03775855479127591,
    0.09266718320995596,
    0.018489307473682787
  ],
  "rsi_high|macd_neg|above_vwap|vol_low|holding": [
    0.04973622819036437,
    0.03236247852217048,
    0.0306809208710947
  ],
  "rsi_low|macd_pos|above_vwap|vol_low|flat": [
    0.13870438866889626,
    0.050506159916103216,
    0.049683806750694386
  ],
  "rsi_mid|macd_pos|below_vwap|vol_low|flat": [
    0.18478890689016475,
    0.13182899077774496,
    0.12849460549308372
  ],
  "rsi_mid|macd_pos|below_vwap|vol_high|holding": [
    0.1666318167455725,
    0.1321334413941716,
    0.3112853720232662
  ],
  "rsi_high|macd_neg|above_vwap|vol_high|holding": [
    0.05139168558207779,
    0.01572138442167867,
    0.017602071880787655
  ],
  "rsi_mid|macd_pos|below_vwap|vol_high|flat": [
    0.2358675694720496,
    0.06073253622200468,
    0.08375951532855871
  ],
  "rsi_mid|macd_pos|below_vwap|vol_low|holding": [
    0.19992321058115997,
    0.12432306986328562,
    0.2597754873594056
  ],
  "rsi_high|macd_neg|below_vwap|vol_low|holding": [
    0.0863603039597533,
    0.04973202720793993,
    0.04786578581881809
  ],
  "rsi_high|macd_pos|below_vwap|vol_mid|holding": [
    0.2315506810539107,
    0.10542378206099066,
    0.118003764752538
  ],
  "rsi_high|macd_pos|below_vwap|vol_low|holding": [
    0.10592422915311762,
    0.23314731033324412,
    0.10405457810778934
  ],
  "rsi_high|macd_pos|below_vwap|vol_mid|flat": [
    0.35255546844233737,
    0.10156269035181585,
    0.073473725349848
  ],
  "rsi_high|macd_pos|below_vwap|vol_low|flat": [
    0.07046686811644168,
    0.13348066066096836,
    0.07707502239882325
  ],
  "rsi_high|macd_neg|below_vwap|vol_low|flat": [
    0.07501276096248513,
    0.042604522878186044,
    0.04807657802550731
  ],
  "rsi_high|macd_neg|above_vwap|vol_high|flat": [
    0.005321946759405815,
    0.023584536775408508,
    0.05413264668694915
  ],
  "rsi_high|macd_neg|below_vwap|vol_mid|flat": [
    0.014054230655318339,
    0.05916942422882859,
    0.04794718117098542
  ],
  "rsi_high|macd_neg|below_vwap|vol_mid|holding": [
    0.05488617642892106,
    0.09713871670520764,
    0.04554922696985857
  ],
  "rsi_low|macd_pos|below_vwap|vol_mid|holding": [
    0.07913928581675587,
    0.05882333473732508,
    0.05307242904950239
  ],
  "rsi_low|macd_pos|above_vwap|vol_high|holding": [
    0.06984815733374501,
    0.0007198194604403031,
    0.039412189697234735
  ],
  "rsi_low|macd_pos|below_vwap|vol_mid|flat": [
    0.09947779691626012,
    0.03185969196605782,
    0.03592148199555407
  ],
  "rsi_low|macd_pos|above_vwap|vol_high|flat": [
    0.07440751488506818,
    0.0070894391208625,
    0.0
  ],