{
  "rsi_mid|macd_pos|above_vwap|vol_low|flat": [
    0.22470251646772818,
    0.14751095499247552,
    0.16558388912468186
  ],
  "rsi_mid|macd_pos|above_vwap|vol_low|holding": [
    0.19541591544507417,
    0.17219975878047566,
    0.2026151340902251
  ],
  "rsi_mid|macd_pos|below_vwap|vol_low|flat": [
    0.18663927830068935,
    0.14236175322863862,
    0.17358386149529906
  ],
  "rsi_mid|macd_pos|below_vwap|vol_low|holding": [
    0.21960034601163683,
    0.16447899115616135,
    0.245302288703047
  ],
  "rsi_mid|macd_pos|below_vwap|vol_mid|holding": [
    0.23136118782196938,
    0.09285637913322345,
    0.30527678604040637
  ],
  "rsi_low|macd_neg|below_vwap|vol_mid|flat": [
    0.21286252773670472,
    0.11200438907270818,
    0.10243239205419802
  ],
  "rsi_low|macd_neg|below_vwap|vol_mid|holding": [
    0.13640270391495302,
    0.1061195807508164,
    0.18773211576793938
  ],
  "rsi_low|macd_neg|below_vwap|vol_low|flat": [
    0.16471518827234014,
    0.1404707192144637,
    0.14499361702532174
  ],
  "rsi_mid|macd_neg|below_vwap|vol_low|holding": [
    0.13024191899279003,
    0.1293051132564523,
    0.16370842955859927
  ],
  "rsi_mid|macd_neg|below_vwap|vol_low|flat": [
    0.14858314213609683,
    0.13676731862557054,
    0.1395158657692711
  ],
  "rsi_mid|macd_neg|below_vwap|vol_mid|holding": [
    0.12647641707036084,
    0.16111523698270877,
    0.12011829768573501
  ],
  "rsi_mid|macd_neg|above_vwap|vol_low|flat": [
    0.09559511964152526,
    0.10492163271497562,
    0.09977908261741075
  ],
  "rsi_mid|macd_neg|below_vwap|vol_mid|flat": [
    0.1318978088324164,
    0.1065166936613097,
    0.14205994331912458
  ],
  "rsi_mid|macd_pos|above_vwap|vol_mid|flat": [
    0.14777123603008765,
    0.20696026152544383,
    0.15479631508212535
  ],
  "rsi_high|macd_pos|above_vwap|vol_mid|holding": [
    0.2928878862484262,
    0.22021038832589498,
    0.3562002541581974
  ],
  "rsi_mid|macd_pos|below_vwap|vol_mid|flat": [
    0.3133840964762288,
    0.12656208327742888,
    0.10181542258016103
  ],
  "rsi_mid|macd_pos|above_vwap|vol_mid|holding": [
    0.20334771115550762,
    0.17771394816433406,
    0.20147475415889227
  ],
  "rsi_high|macd_pos|above_vwap|vol_mid|flat": [
    0.3364600900729541,
    0.16154623182083855,
    0.136550537237201
  ],
  "rsi_mid|macd_neg|below_vwap|vol_high|holding": [
    0.11255461282917384,
    0.09497637087734148,
    0.04922312106416269
  ],
  "rsi_mid|macd_neg|above_vwap|vol_mid|flat": [
    0.08187364176468111,
    0.09419587862860215,
    0.08224949108052806
  ],
  "rsi_mid|macd_neg|above_vwap|vol_low|holding": [
    0.09204299572199419,
    0.11925736243938297,
    0.08940667698961088
  ],
  "rsi_high|macd_pos|above_vwap|vol_low|holding": [
    0.21744749736539168,
    0.20877742135849334,
    0.314258874967114
  ],
  "rsi_high|macd_pos|above_vwap|vol_low|flat": [
    0.10337720519720406,
    0.10503649487789808,
    0.21555476565067644
  ],
  "rsi_high|macd_pos|above_vwap|vol_high|holding": [
    0.2901253332669397,
    0.10032228188366188,
    0.2146307935698581
  ],
  "rsi_mid|macd_pos|above_vwap|vol_high|flat": [
    0.06395581935378655,
    0.15285739513205449,
    0.07386134511945529
  ],
  "rsi_mid|macd_neg|above_vwap|vol_high|holding": [
    0.13342958368442961,
    0.05922356674608923,
    0.41360037121611587
  ],
  "rsi_low|macd_neg|above_vwap|vol_high|flat": [
    0.03023567201951584,
    0.06425663025616364,
    0.03953347416738434
  ],
  "rsi_low|macd_neg|above_vwap|vol_mid|holding": [
    0.07456428227966812,
    0.1335561702328953,
    0.05220041346214067
  ],
  "rsi_low|macd_neg|above_vwap|vol_low|holding": [
    0.07294692054527159,
    0.11226966419416949,
    0.06179074924550212
  ],
  "rsi_low|macd_neg|above_vwap|vol_low|flat": [
    0.05796872971646666,
    0.1042041521404299,
    0.0872964002761287
  ],
  "rsi_mid|macd_neg|above_vwap|vol_mid|holding": [
    0.09523167357236102,
    0.08424519880990544,
    0.04683105920091286
  ],
  "rsi_high|macd_neg|above_vwap|vol_mid|flat": [
    0.030994416469381537,
    0.04946633275983384,
    0.03879642496333613
  ],
  "rsi_high|macd_neg|above_vwap|vol_low|holding": [
    0.046994284385510066,
    0.033796408745946596,
    0.02831845107029347
  ],
  "rsi_low|macd_neg|above_vwap|vol_mid|flat": [
    0.08469537412565264,
    0.08452088174875941,
    0.14891556459654876
  ],
  "rsi_mid|macd_neg|above_vwap|vol_high|flat": [
    0.226607850053642,
    0.043611226017273325,
    0.04568848198335854
  ],
  "rsi_low|macd_pos|above_vwap|vol_mid|flat": [
    0.0361373075384274,
    0.060275742588952415,
    0.03649388215485361
  ],
  "rsi_low|macd_pos|above_vwap|vol_low|holding": [
    0.18250352624238714,
    0.05021715909566227,
    0.11185340484251262
  ],
  "rsi_mid|macd_pos|above_vwap|vol_high|holding": [
    0.21074596784636376,
    0.08835272979751276,
    0.13541412118341944
  ],
  "rsi_high|macd_neg|above_vwap|vol_low|flat": [
    0.03465276539151229,
    0.04091635567212215,
    0.02835188802751399
  ],
  "rsi_low|macd_neg|above_vwap|vol_high|holding": [
    0.039365295888910905,
    0.07775524962915929,
    0.04133776833050592
  ],
  "rsi_mid|macd_neg|below_vwap|vol_high|flat": [
    0.04398066898956108,
    0.06517761149605501,
    0.1227365482769174
  ],
  "rsi_low|macd_pos|above_vwap|vol_mid|holding": [
    0.06386307720144888,
    0.04512720316976335,
    0.04053271942151931
  ],
  "rsi_high|macd_neg|above_vwap|vol_mid|holding": [
    0.04350709385758687,
    0.08749528964014769,
    0.027273810214992505
  ],
  "rsi_high|macd_pos|above_vwap|vol_high|flat": [
    0.1914035528543146,
    0.09473355293125517,
    0.052076898371922344
  ],
  "rsi_low|macd_pos|above_vwap|vol_low|flat": [
    0.07249308082745741,
    0.04963853194770248,
    0.05258714704364172
  ],
  "rsi_low|macd_neg|below_vwap|vol_low|holding": [
    0.14482385229526845,
    0.1734614782360448,
    0.1262575774062922
  ],
  "rsi_mid|macd_pos|below_vwap|vol_high|flat": [
    0.23354948104877526,
    0.08413745601994699,
    0.08403316953954458
  ],
  "rsi_high|macd_neg|above_vwap|vol_high|holding": [
    0.054110501914298115,
    0.017709084695338294,
    0.005310229392894663
  ],
  "rsi_mid|macd_pos|below_vwap|vol_high|holding": [
    0.2572638102480918,
    0.08816379933854732,
    0.20146067040582016
  ],
  "rsi_high|macd_neg|below_vwap|vol_low|holding": [
    0.06444163944949928,
    0.11403355632948767,
    0.0706818876140319
  ],
  "rsi_high|macd_pos|below_vwap|vol_mid|holding": [
    0.12849996897543747,
    0.2633837669782675,
    0.0961465431115338
  ],
  "rsi_high|macd_pos|below_vwap|vol_low|holding": [
    0.0947659961060304,
    0.24115737664352818,
    0.09035040625783726
  ],
  "rsi_high|macd_pos|below_vwap|vol_mid|flat": [
    0.29029495048006126,
    0.09907000375205331,
    0.08210167580431288
  ],
  "rsi_high|macd_pos|below_vwap|vol_low|flat": [
    0.08713293566595975,
    0.08369060783671799,
    0.18342197649541506
  ],
  "rsi_high|macd_neg|below_vwap|vol_low|flat": [
    0.08554250666804561,
    0.04189168132013194,
    0.044520687943995566
  ],
  "rsi_high|macd_neg|above_vwap|vol_high|flat": [
    0.016336745373351273,
    0.018449507304643134,
    0.017195127714865015
  ],
  "rsi_high|macd_neg|below_vwap|vol_mid|holding": [
    0.06480680421876872,
    0.05993205749884031,
    0.040485636809891035
  ],
  "rsi_low|macd_pos|below_vwap|vol_mid|flat": [
    0.10723466232508776,
    0.02735616216383716,
    0.01882140148898857
  ],
  "rsi_low|macd_pos|below_vwap|vol_mid|holding": [
    0.09061573626992586,
    0.06870001163361958,
    0.05821089182500478
  ],
  "rsi_low|macd_pos|above_vwap|vol_high|flat": [
    0.07681081561821661,
    0.0069772180467904165,
    0.010554805855245541
  ],
  "rsi_high|macd_neg|below_vwap|vol_mid|flat": [
    0.01933962750507817,
    0.08691271870448339,
    0.053915476262821116
  ],
  "rsi_low|macd_pos|above_vwap|vol_high|holding": [
    0.032473470452611244,
    0.00529799874770044,
    0.07663900040671452
  ],