{
  "rsi_mid|macd_pos|above_vwap|vol_high|flat": [
    0.06723479463937122,
    0.07494235129986225,
    0.06339370080640784
  ],
  "rsi_mid|macd_pos|above_vwap|vol_mid|holding": [
    0.08491971771824917,
    0.07273553738874117,
    0.10985788263526458
  ],
  "rsi_mid|macd_pos|above_vwap|vol_low|flat": [
    0.09655697743848422,
    0.0779948089729385,
    0.08011314724761362
  ],
  "rsi_mid|macd_pos|above_vwap|vol_low|holding": [
    0.08102850074248898,
    0.05744927230266491,
    0.06871871924061441
  ],
  "rsi_mid|macd_pos|below_vwap|vol_mid|holding": [
    0.09374151942680108,
    0.04949687894350839,
    0.16613146785478436
  ],
  "rsi_low|macd_pos|below_vwap|vol_mid|holding": [
    0.10058004685840023,
    0.06678930461219855,
    0.0410848135707862
  ],
  "rsi_low|macd_neg|below_vwap|vol_mid|holding": [
    0.06446882785221322,
    0.062308635348512734,
    0.08010944624553248
  ],
  "rsi_low|macd_neg|below_vwap|vol_low|flat": [
    0.05670633620686893,
    0.05736558923673494,
    0.05642294387266195
  ],
  "rsi_mid|macd_neg|below_vwap|vol_low|flat": [
    0.0649992800835028,
    0.05487659289660258,
    0.056907446185270424
  ],
  "rsi_mid|macd_neg|below_vwap|vol_low|holding": [
    0.06147290805401668,
    0.050897346898191004,
    0.04850800352679441
  ],
  "rsi_low|macd_neg|below_vwap|vol_mid|flat": [
    0.08164319364163561,
    0.06939262366518215,
    0.06594425492152027
  ],
  "rsi_mid|macd_neg|above_vwap|vol_mid|flat": [
    0.07464732384137933,
    0.0832841836160031,
    0.08972982244178455
  ],
  "rsi_mid|macd_neg|above_vwap|vol_low|flat": [
    0.12041714952141971,
    0.08805157291662613,
    0.08687322452413562
  ],
  "rsi_mid|macd_neg|above_vwap|vol_low|holding": [
    0.07975796987625175,
    0.07614090797418915,
    0.13529577619910074
  ],
  "rsi_mid|macd_neg|above_vwap|vol_mid|holding": [
    0.08036225381748734,
    0.12066518904771005,
    0.08946347237660741
  ],
  "rsi_mid|macd_pos|above_vwap|vol_mid|flat": [
    0.0828026690353197,
    0.0847699388790696,
    0.07744056797489483
  ],
  "rsi_high|macd_pos|above_vwap|vol_mid|holding": [
    0.0843739894322462,
    0.05711308251137815,
    0.09202842203758524
  ],
  "rsi_mid|macd_pos|below_vwap|vol_mid|flat": [
    0.14088992651856375,
    0.06626200232832144,
    0.0689588440925611
  ],
  "rsi_high|macd_pos|above_vwap|vol_mid|flat": [
    0.0837416157691176,
    0.07740171425883578,
    0.07788670340588395
  ],
  "rsi_mid|macd_neg|below_vwap|vol_high|holding": [
    0.057879339746227464,
    0.05684369119545755,
    0.046631287062829214
  ],
  "rsi_mid|macd_neg|below_vwap|vol_mid|holding": [
    0.056225969115441254,
    0.07370476488906189,
    0.03540470751399367
  ],
  "rsi_high|macd_pos|above_vwap|vol_low|flat": [
    0.059181252761175626,
    0.07103653580952303,
    0.07856015508625622
  ],
  "rsi_high|macd_pos|above_vwap|vol_low|holding": [
    0.07184093314113844,
    0.06966975505515136,
    0.08406602339918486
  ],
  "rsi_high|macd_pos|above_vwap|vol_high|flat": [
    0.07845412690002151,
    0.07910921738746857,
    0.05975940968213293
  ],
  "rsi_mid|macd_pos|above_vwap|vol_high|holding": [
    0.09522082283206192,
    0.0650221208389627,
    0.07513399892028903
  ],
  "rsi_mid|macd_neg|above_vwap|vol_high|holding": [
    0.07232285407723216,
    0.09828376973560937,
    0.04185630599306584
  ],
  "rsi_low|macd_neg|above_vwap|vol_high|holding": [
    0.08459367907192392,
    0.013745418826847846,
    0.014586576043013744
  ],
  "rsi_low|macd_neg|above_vwap|vol_mid|holding": [
    0.08595265767352675,
    0.07711334362887025,
    0.07337689139315247
  ],
  "rsi_low|macd_neg|above_vwap|vol_low|holding": [
    0.09290653077438263,
    0.10384522932009439,
    0.0803269141929806
  ],
  "rsi_low|macd_neg|above_vwap|vol_low|flat": [
    0.0652904960409364,
    0.07591516017477529,
    0.08367198301373709
  ],
  "rsi_high|macd_neg|above_vwap|vol_mid|flat": [
    0.014149394625724033,
    0.010855329315067167,
    0.08073772439195173
  ],
  "rsi_high|macd_neg|above_vwap|vol_low|holding": [
    0.020276827825394757,
    0.05249299198912,
    0.016507613034202527
  ],
  "rsi_low|macd_neg|above_vwap|vol_mid|flat": [
    0.06797402058058127,
    0.07832285947974887,
    0.06966416410512626
  ],
  "rsi_mid|macd_neg|above_vwap|vol_high|flat": [
    0.02260158694386319,
    0.03302408082496015,
    0.08618174298341318
  ],
  "rsi_low|macd_pos|above_vwap|vol_mid|flat": [
    0.0734361405613193,
    0.036306872865562105,
    0.03441915150548358
  ],
  "rsi_low|macd_pos|above_vwap|vol_mid|holding": [
    0.06485274911291715,
    0.01487205327987924,
    0.07035175009076819
  ],
  "rsi_low|macd_pos|above_vwap|vol_low|holding": [
    0.07418662841746607,
    0.06806017834370254,
    0.046157882621667645
  ],
  "rsi_high|macd_neg|above_vwap|vol_mid|holding": [
    0.04516095296812111,
    0.019882377071384023,
    0.0009425648434937379
  ],
  "rsi_high|macd_neg|above_vwap|vol_low|flat": [
    0.003706831793755111,
    0.0183437716048583,
    0.04783792565929934
  ],
  "rsi_high|macd_pos|above_vwap|vol_high|holding": [
    0.08486314341794805,
    0.1317624561567781,
    0.06777443321193934
  ],
  "rsi_low|macd_pos|below_vwap|vol_mid|flat": [
    0.02312522500922056,
    0.017152286185412285,
    0.09969086168965093
  ],
  "rsi_low|macd_neg|below_vwap|vol_low|holding": [
    0.059027035054416324,
    0.0719420810929951,
    0.05053767495606846
  ],
  "rsi_mid|macd_neg|below_vwap|vol_mid|flat": [
    0.04394818683263339,
    0.0643194524790534,
    0.05866467615154393
  ],
  "rsi_low|macd_neg|above_vwap|vol_high|flat": [
    0.004167825911400745,
    0.056520679684987384,
    0.00488040343356551
  ],
  "rsi_mid|macd_neg|below_vwap|vol_high|flat": [
    0.04398051692055167,
    0.0588168795605095,
    0.04822117562632057
  ],
  "rsi_low|macd_pos|above_vwap|vol_low|flat": [
    0.07367217842445525,
    0.03196987776529396,
    0.03156389250832559
  ],
  "rsi_mid|macd_pos|below_vwap|vol_low|flat": [
    0.10235246379127921,
    0.08404768324953937,
    0.08500098108167192
  ],
  "rsi_mid|macd_pos|below_vwap|vol_high|holding": [
    0.13769191704161451,
    0.06279629247688584,
    0.02960120503774847
  ],
  "rsi_high|macd_neg|above_vwap|vol_high|holding": [
    0.06303785426590365,
    0.005959065279962579,
    0.001957827399607942
  ],
  "rsi_mid|macd_pos|below_vwap|vol_low|holding": [
    0.07624098798009746,
    0.09053872078253408,
    0.07285043152732794
  ],
  "rsi_mid|macd_pos|below_vwap|vol_high|flat": [
    0.09743737790012601,
    0.039121329925668726,
    0.034266413087168615
  ],
  "rsi_high|macd_neg|below_vwap|vol_low|holding": [
    0.05610031636340451,
    0.0026530097215469303,
    0.04864563456196296
  ],
  "rsi_high|macd_pos|below_vwap|vol_mid|holding": [
    0.0957786496520782,
    0.05431987678983346,
    0.07230697759992376
  ],
  "rsi_high|macd_pos|below_vwap|vol_low|holding": [
    0.0557248012278385,
    0.12321302839892553,
    0.043319855201781436
  ],
  "rsi_high|macd_pos|below_vwap|vol_low|flat": [
    0.029522957384355314,
    0.05199195040566344,
    0.08539149032570668
  ],
  "rsi_high|macd_pos|below_vwap|vol_mid|flat": [
    0.10659283247488696,
    0.0704603348522211,
    0.08211094613762945
  ],
  "rsi_high|macd_neg|above_vwap|vol_high|flat": [
    0.15542085967890934,
    0.008505912983843053,
    0.01725552450691921
  ],
  "rsi_high|macd_neg|below_vwap|vol_low|flat": [
    0.06611983683657616,
    0.0,
    0.0051215750596635915
  ],
  "rsi_high|macd_neg|below_vwap|vol_mid|holding": [
    0.06572326566010084,
    0.017835781925795345,
    0.04734241974456925
  ],
  "rsi_low|macd_pos|above_vwap|vol_high|holding": [
    0.02297812405454337,
    -0.0007649773591725253,
    0.012086707674428886
  ],
  "rsi_high|macd_neg|below_vwap|vol_mid|flat": [
    0.06069905307233668,
    0.017055661687892507,
    0.016840557958533182
  ],